arnett_ni_mass,band_bc,band_extinction,band_t0,beta_req,distance,ebv_gal,ebv_host,host,lb,name,ni_khatami,peakL,peakt,smoothing_bc,sn_type,source,source_bc,t0,tail_meje,tail_ni_mass,ub,verbose
"[0.09646531848734341, 0.013972915995186293]","['V', 'I']","['V', 'R']",r,"[0.61493460712680537, 0.13345617251514594]","[23900000.0, 1670000.0]","[0.0436, 0.0006]","[0.15, 0.04]",NGC 5806,0.0,iPTF13bvn,"(0.069063236503776743, 0.0074727429831136626)","[42.313326469541188, 41.347559588176104]","[16.799999999999976, 1.8294254658511149]",1.0,Ib,"['1', '2']",['2'],"[56458.33999999985, 1.631]","[2.9040000321957313, 0.10227914934005992]","[0.047157931516803267, 0.0016848148274994756]",7.0,1
