arnett_ni_mass,band_bc,band_extinction,band_t0,beta_req,distance,ebv_gal,ebv_host,host,lb,name,ni_khatami,peakL,peakt,prentice_ni,prentice_peakL,prentice_peakt,smoothing_bc,sn_type,source,source_bc,t0,tail_meje,tail_ni_mass,ub,verbose
"[0.098937381285317927, 0.014528091405881354]","['V', 'I']","['V', 'R']",r,"[0.40712696784405483, 0.11930540223649265]","[23900000.0, 1670000.0]","[0.0436, 0.0006]","[0.15, 0.04]",NGC 5806,0.0,iPTF13bvn,"(0.070766353849341129, 0.0073547405332658787)","[42.318300467855003, 41.335041004097505]","[17.099999999999973, 1.8049301711195929]","['0.070', '0.012', '0.006']","['42.211', '0.067', '0.037']","['15.953', '0.098']",1.0,Ib,"['1', '2']",['2'],"[56458.33999999985, 1.631]","[4.1765729380316747, 0.48088481356943685]","[0.04023484975087345, 0.0010612793912853716]",7.0,1
