arnett_ni_mass,band_bc,band_extinction,band_t0,beta_req,distance,ebv_gal,ebv_host,host,lb,name,ni_khatami,peakL,peakt,prentice_ni,prentice_peakL,prentice_peakt,smoothing_bc,sn_type,sn_type_full,source,source_bc,t0,tail_meje,tail_ni_mass,ub,verbose
"[0.10000824328323096, 0.012192815471378866]","['V', 'I']","['V', 'R']",r,"[0.44203814191576302, 0.12671387449225646]","[23900000.0, 1670000.0]","[0.0436, 0.0006]","[0.15, 0.04]",NGC 5806,0.0,iPTF13bvn,"(0.070142088239991934, 0.0075144691009630333)","[42.312597077993082, 41.342516689625036]","[17.199999999999974, 1.134781997678729]","['0.070', '0.012', '0.006']","['42.211', '0.067', '0.037']","['15.953', '0.098']",1.0,Ib,Ib,"['1', '2']",['2'],"[56458.33999999985, 0.8]","[4.1976045352912665, 0.43061603451508979]","[0.041104811176150016, 0.00091279245505674332]",7.0,1
