arnett_ni_mass,band_bc,band_extinction,band_t0,beta_req,distance,ebv_gal,ebv_host,host,lb,name,ni_khatami,peakL,peakt,prentice_ni,prentice_peakL,prentice_peakt,smoothing_bc,sn_type,sn_type_full,source,source_bc,t0,tail_meje,tail_ni_mass,ub,verbose
"[0.099467450869544463, 0.011129703091603622]","['V', 'I']","['V', 'R']",r,"[0.39763242498247692, 0.11781134450517614]","[23900000.0, 1670000.0]","[0.0436, 0.0006]","[0.15, 0.04]",NGC 5806,0.0,iPTF13bvn,"(0.071296018264321914, 0.007622261860688713)","[42.313466856874712, 41.342485445556036]","[17.399999999999974, 1.0886313035020567]","['0.070', '0.012', '0.006']","['42.211', '0.067', '0.037']","['15.953', '0.098']",1.0,Ib,Ib,"['1', '2']",['2'],"[56458.33999999985, 0.8]","[4.2658317413783413, 0.54902204241608943]","[0.039928145401750152, 0.00085646397864423912]",7.0,1
