arnett_ni_mass,band_bc,band_extinction,band_t0,beta_req,distance,ebv_gal,ebv_host,host,lb,name,ni_khatami,peakL,peakt,prentice_ni,prentice_peakL,prentice_peakt,smoothing_bc,sn_type,sn_type_full,source,source_bc,t0,tail_meje,tail_ni_mass,ub,verbose
"[0.69283714209917702, 0.11456860970431235]","['V', 'I']","['V', 'R']",,"[0.48197209240317312, 0.14188411747660337]","[38100000.0, 2650000.0]","[0.0494, 0.0011]","[0.0, 0.02]",ESO 184-G82,,SN1998bw,"(0.49860755620619451, 0.06157075140180189)","[43.166232503954255, 42.257848101870131]","[17.099999999999959, 1.8355215355793812]","['0.496', '0.091', '0.047']","['43.061', '0.080', '0.046']","['15.861', '0.177']",0.6,Ic,Ic BL,['12'],"['10', '12']","[50928.89999999991, 0.0]","[3.507224381231242, 0.046703952282518474]","[0.30354219859315584, 0.003450066868748171]",,1
