arnett_ni_mass,band_bc,band_extinction,band_t0,beta_req,distance,ebv_gal,ebv_host,host,lb,name,ni_khatami,peakL,peakt,prentice_ni,prentice_peakL,prentice_peakt,smoothing_bc,sn_type,sn_type_full,source,source_bc,t0,tail_meje,tail_ni_mass,ub,verbose
"[0.043371743718131253, 0.0086435159848392198]","['V', 'R']","['B', 'V']",B,"[1.1712463442141852, 0.27242300850706391]","[9780000.0, 680000.0]","[0.0261, 0.0005]","[0.0, 0.014]",NGC 3510,0.0,SN1996cb,"(0.023844668348098796, 0.0043067324337554488)","[41.867741499948743, 41.124498104671389]","[21.69999999999996, 2.0000058970153316]","['0.055', '0.036', '0.021']","['42.082', '0.179', '0.163']","['16.993', '1.650']",0.3,IIb,IIb,['7'],['7'],"[50429.5, 2.0]","[3.0254028978582577, 0.45728425263867323]","[0.030497453793457481, 0.0034714785985292774]",7.0,1
