arnett_ni_mass,band_bc,band_extinction,band_t0,beta_req,distance,ebv_gal,ebv_host,host,lb,name,ni_khatami,peakL,peakt,prentice_ni,prentice_peakL,prentice_peakt,smoothing_bc,sn_type,sn_type_full,source,source_bc,t0,tail_meje,tail_ni_mass,ub,verbose
"[0.17421291635529257, 0.037661055300074076]","['V', 'I']","['V', 'R']",,"[0.77682531963028822, 0.11510494958339017]","[3600000.0, 200000.0]","[0.069, 0.0001]","[0.11, 0.003]",M81,,SN1993J,"(0.083124434771806754, 0.0083660255609023775)","[42.416875813195645, 41.419666295139216]","[21.399999999999977, 6.3293220146520044]","['0.146', '0.042', '0.027']","['42.456', '0.109', '0.088']","['19.148', '0.033']",0.4,IIb,IIb,['16'],['11'],"[49074.0, 0.0]","[3.4519719105628162, 0.075552449513053233]","[0.080055801144752747, 0.0011602458736692653]",,1
