arnett_ni_mass,band_bc,band_extinction,band_t0,beta_req,distance,ebv_gal,ebv_host,host,lb,name,ni_khatami,peakL,peakt,prentice_ni,prentice_peakL,prentice_peakt,smoothing_bc,sn_type,sn_type_full,source,source_bc,t0,tail_meje,tail_ni_mass,ub,verbose
"[0.045853453426960809, 0.0076051870285804854]","['V', 'R']","['B', 'V']",B,"[1.0704000750160789, 0.21267099889388985]","[9780000.0, 680000.0]","[0.0261, 0.0005]","[0.0, 0.014]",NGC 3510,0.0,SN1996cb,"(0.024491721850511534, 0.003399245286196373)","[41.874850952325424, 41.017214137739444]","[22.199999999999957, 2.7197513601382806]","['0.055', '0.036', '0.021']","['42.082', '0.179', '0.163']","['16.993', '1.650']",0.3,IIb,IIb,['7'],['7'],"[50429.5, 2.0]","[3.0017065543304464, 0.10164062937059146]","[0.029917489365582875, 0.0013153010028868401]",7.0,1
