arnett_ni_mass,band_bc,band_extinction,band_t0,beta_req,distance,ebv_gal,ebv_host,host,lb,name,ni_khatami,peakL,peakt,prentice_ni,prentice_peakL,prentice_peakt,smoothing_bc,sn_type,sn_type_full,source,source_bc,t0,tail_meje,tail_ni_mass,ub,verbose
"[0.10840214725285864, 0.0095333524304303963]","['V', 'I']","['V', 'R']",V,"[0.00015586455562184378, 4.3983040946062061e-05]","[8580000.0, 100000.0]","[0.0308, 0.0015]","[0.4, 0.04]",M51,0.0,SN1994I,"(0.091214330706336888, 0.0078905392086230149)","[42.619407952831587, 41.556451559239541]","[8.2000000000000046, 0.26000000000000001]","['0.102', '0.164', '0.059']","['42.473', '0.409', '0.363']","['12.252', '0.211']",0.4,Ic,Ic,['6'],['6'],"[49443.5, 0.26]","[1.7809603241477148, 0.32045025515273462]","[0.047662381918410941, 0.01479481143258086]",7.0,1
