arnett_ni_mass,band_bc,band_extinction,band_t0,beta_req,distance,ebv_gal,ebv_host,host,lb,name,ni_khatami,peakL,peakt,smoothing_bc,sn_type,source,source_bc,t0,tail_meje,tail_ni_mass,ub,verbose
"[0.14343794808727506, 0.014574925544291352]","['V', 'I']","['V', 'R']",,"[0.86162051234481518, 0.11933311552787733]","[3600000.0, 200000.0]","[0.069, 0.0001]","[0.11, 0.003]",M81,,SN1993J,"(0.077010710851848768, 0.0071928880179783789)","[42.389443811966366, 41.359795978843543]","[20.999999999999961, 0.94474026560315572]",1.0,IIb,['16'],['11'],"[49074.0, 0.0]","[3.4242152806435175, 0.068063511300224894]","[0.078804596458272952, 0.0010389764578699293]",,1
