arnett_ni_mass,band_bc,band_extinction,band_t0,beta_req,distance,ebv_gal,ebv_host,host,lb,name,ni_khatami,peakL,peakt,prentice_ni,prentice_peakL,prentice_peakt,smoothing_bc,sn_type,source,source_bc,t0,tail_meje,tail_ni_mass,ub,verbose
"[0.69845547988409029, 0.11233171073050234]","['V', 'I']","['V', 'R']",,"[0.48849754097114823, 0.14210182726697218]","[38100000.0, 2650000.0]","[0.0494, 0.0011]","[0.0, 0.02]",ESO 184-G82,,SN1998bw,"(0.48810777165947278, 0.057379319831382031)","[43.16636611204207, 42.236605785344956]","[16.599999999999959, 1.9775334775095106]","['0.496', '0.091', '0.047']","['43.061', '0.080', '0.046']","['15.861', '0.177']",0.6,Ic,['12'],"['10', '12']","[50928.89999999991, 0.0]","[3.3665613989626926, 0.04730919490309838]","[0.30152345499647082, 0.0037212793396984383]",,1
