arnett_ni_mass,band_bc,band_extinction,band_t0,beta_req,distance,ebv_gal,ebv_host,host,lb,name,ni_khatami,peakL,peakt,prentice_ni,prentice_peakL,prentice_peakt,smoothing_bc,sn_type,source,source_bc,t0,tail_meje,tail_ni_mass,ub,verbose
"[0.15556162231192075, 0.015235015195229044]","['V', 'I']","['V', 'R']",,"[0.79668892728035134, 0.10770828713798376]","[3600000.0, 200000.0]","[0.069, 0.0001]","[0.11, 0.003]",M81,,SN1993J,"(0.082673516946519809, 0.0077756500167892907)","[42.400405511644706, 41.37377580335361]","[22.399999999999956, 0.65482243742322499]","['0.146', '0.042', '0.027']","['42.456', '0.109', '0.088']","['19.148', '0.033']",1.0,IIb,['16'],['11'],"[49074.0, 0.0]","[3.4273758770343954, 0.074198525460185571]","[0.080988747724140484, 0.0011677520850510658]",,1
