arnett_ni_mass,band_bc,band_extinction,band_t0,beta_req,distance,ebv_gal,ebv_host,host,lb,name,ni_khatami,peakL,peakt,smoothing_bc,sn_type,source,source_bc,t0,tail_meje,tail_ni_mass,ub,verbose
"[0.10759901127313758, 0.026376365560158665]","['V', 'I']","['V', 'R']",V,"[-0.23539688470122752, 0.37161119839534235]","[8580000.0, 100000.0]","[0.0308, 0.0015]","[0.4, 0.04]",M51,0.0,SN1994I,"(0.089086657538547581, 0.016067583237167265)","[42.626821992959428, 41.882959886531673]","[7.6000000000000041, 2.0400961952724153]",0.4,Ic,['6'],['6'],"[49443.5, 0.26]","[1.8021305124091567, 0.12900216420138316]","[0.047319160060571699, 0.0047498585352514474]",7.0,1
