arnett_ni_mass,band_bc,band_extinction,band_t0,beta_req,distance,ebv_gal,ebv_host,host,lb,name,ni_khatami,peakL,peakt,prentice_ni,prentice_peakL,prentice_peakt,smoothing_bc,sn_type,source,source_bc,t0,tail_meje,tail_ni_mass,ub,verbose
"[0.12937569713632355, 0.070520608252738273]","['V', 'I']","['V', 'R']",V,"[0.0010041867480722942, 0.047550358942703874]","[8580000.0, 100000.0]","[0.0308, 0.0015]","[0.4, 0.04]",M51,0.0,SN1994I,"(0.09168857148767412, 0.0092792977137363744)","[42.621689686695582, 41.626889588940422]","[8.3000000000000043, 9.0268130200318417]","['0.102', '0.164', '0.059']","['42.473', '0.409', '0.363']","['12.252', '0.211']",0.4,Ic,['6'],['6'],"[49443.5, 0.26]","[1.8028242966693722, 0.1304839425840234]","[0.047347407615157516, 0.004775235598035118]",7.0,1
