arnett_ni_mass,band_bc,band_extinction,band_t0,beta_req,distance,ebv_gal,ebv_host,host,lb,name,ni_khatami,peakL,peakt,prentice_ni,prentice_peakL,prentice_peakt,smoothing_bc,sn_type,sn_type_full,source,source_bc,t0,tail_meje,tail_ni_mass,ub,verbose
"[0.11354496849689366, 0.061076126914566278]","['V', 'I']","['V', 'R']",V,"[9.3355794424341774e-07, 0.051562616966795601]","[8580000.0, 100000.0]","[0.0308, 0.0015]","[0.4, 0.04]",M51,0.0,SN1994I,"(0.09137566339488408, 0.0093662133694634581)","[42.622701661216119, 41.633435165342178]","[8.2000000000000046, 8.62165614480916]","['0.102', '0.164', '0.059']","['42.473', '0.409', '0.363']","['12.252', '0.211']",0.4,Ic,Ic,['6'],['6'],"[49443.5, 0.26]","[1.796623419405313, 0.1381293436581931]","[0.047284585394331356, 0.0053720833402184738]",7.0,1
