arnett_ni_mass,band_bc,band_extinction,band_t0,beta_req,distance,ebv_gal,ebv_host,host,lb,name,ni_khatami,peakL,peakt,smoothing_bc,sn_type,source,source_bc,t0,tail_meje,tail_ni_mass,ub,verbose
"[0.70628927058206448, 0.11766130603081192]","['V', 'I']","['V', 'R']",,"[0.43689157798913086, 0.13763981807422485]","[38100000.0, 2650000.0]","[0.0494, 0.0011]","[0.0, 0.02]",ESO 184-G82,,SN1998bw,"(0.49917189814597174, 0.061519733661676547)","[43.166723776079408, 42.257488094770103]","[17.099999999999959, 1.7411488876697394]",0.6,Ic,['12'],"['10', '12']","[50928.89999999991, 0.0]","[3.5737217582377521, 0.047946814219377708]","[0.28754380748360392, 0.0031014310257172083]",,1
