arnett_ni_mass,band_bc,band_extinction,band_t0,beta_req,distance,ebv_gal,ebv_host,host,lb,name,ni_khatami,peakL,peakt,prentice_ni,prentice_peakL,prentice_peakt,smoothing_bc,sn_type,sn_type_full,source,source_bc,t0,tail_meje,tail_ni_mass,ub,verbose
"[0.66912794807310538, 0.11050540092814974]","['V', 'I']","['V', 'R']",,"[0.50022920728268938, 0.1921197086786719]","[38100000.0, 2650000.0]","[0.0494, 0.0011]","[0.0, 0.02]",ESO 184-G82,,SN1998bw,"(0.48781585008193762, 0.080561840576338695)","[43.163580055566008, 42.381453528166979]","[16.599999999999959, 0.0056595324367608611]","['0.496', '0.091', '0.047']","['43.061', '0.080', '0.046']","['15.861', '0.177']",0.6,Ic,Ic BL,['12'],"['10', '12']","[50928.89999999991, 0.0]","[3.4042087951465088, 0.45394128262623129]","[0.30024483318492023, 0.012693066630274343]",,1
