arnett_ni_mass,band_bc,band_extinction,band_t0,beta_req,distance,ebv_gal,ebv_host,host,lb,name,ni_khatami,peakL,peakt,prentice_ni,prentice_peakL,prentice_peakt,smoothing_bc,sn_type,sn_type_full,source,source_bc,t0,tail_meje,tail_ni_mass,ub,verbose
"[0.16271644592687601, 0.044828279170020226]","['V', 'I']","['V', 'R']",,"[0.80276542431284603, 0.11752291311647003]","[3600000.0, 200000.0]","[0.069, 0.0001]","[0.11, 0.003]",M81,,SN1993J,"(0.083642834527548254, 0.008683485153184867)","[42.418148639033753, 41.434413963140749]","[21.499999999999979, 6.3997026286111875]","['0.146', '0.042', '0.027']","['42.456', '0.109', '0.088']","['19.148', '0.033']",0.4,IIb,IIb,['16'],['11'],"[49074.0, 0.0]","[3.5127761646677769, 0.07592453469914949]","[0.082404368734067188, 0.0011760591979685568]",,1
