arnett_ni_mass,band_bc,band_extinction,band_t0,beta_req,distance,ebv_gal,ebv_host,host,lb,name,ni_khatami,peakL,peakt,prentice_ni,prentice_peakL,prentice_peakt,smoothing_bc,sn_type,source,source_bc,t0,tail_meje,tail_ni_mass,ub,verbose
"[0.030667694792101553, 0.014851065207168095]","['V', 'R']","['B', 'V']",B,"[1.3775869282227253, 0.27642694704282178]","[9780000.0, 680000.0]","[0.0261, 0.0005]","[0.0, 0.014]",NGC 3510,0.0,SN1996cb,"(0.018670055411819646, 0.0024649072566298429)","[41.872514749360029, 40.993169725817303]","[14.70000000000001, 10.056938368377091]","['0.055', '0.036', '0.021']","['42.082', '0.179', '0.163']","['16.993', '1.650']",0.3,IIb,['7'],['7'],"[50436.257000000216, 7.0]","[3.011156470030548, 0.14792410081853269]","[0.026333499454786601, 0.0029145265012387213]",7.0,1
