arnett_ni_mass,band_bc,band_extinction,band_t0,beta_req,distance,ebv_gal,ebv_host,host,lb,name,ni_khatami,peakL,peakt,prentice_ni,prentice_peakL,prentice_peakt,smoothing_bc,sn_type,sn_type_full,source,source_bc,t0,tail_meje,tail_ni_mass,ub,verbose
"[0.56508286971517308, 0.13386135282568826]","['V', 'R']","['V', 'R']",R,"[0.8462783818181473, 0.2754349444201698]","[87700000.0, 6040000.0]","[0.0894, 0.0021]","[0.52, 0.08]",UGC 1394,0.0,SN2005hg,"(0.43614690635916958, 0.079725998092042921)","[43.08450267541037, 42.346469843982995]","[18.399999999999952, 3.078392931355836]",['NA'],"['42.418', '0.067', '0.047']",['NA'],1.0,Ib,Ib,['6'],['6'],"[53665.64999999991, 2.0]","[6.8756168802039328, 10.196306446515056]","[0.35631414079972745, 0.012636775054211185]",7.0,1
