arnett_ni_mass,band_bc,band_extinction,band_t0,beta_req,distance,ebv_gal,ebv_host,host,lb,name,ni_khatami,peakL,peakt,prentice_ni,prentice_peakL,prentice_peakt,smoothing_bc,sn_type,sn_type_full,source,source_bc,t0,tail_meje,tail_ni_mass,ub,verbose
"[0.072426422608937391, 0.018184626878798137]","['V', 'I']","['V', 'R']",V,"[0.76882844339264478, 0.32577381169299846]","[8970000.0, 630000.0]","[0.0532, 0.0005]","[0.15, 0.11]",NGC 1058,0.0,SN2007gr,"(0.057226132977159935, 0.0096474409634556106)","[42.377895793857384, 41.604713523786103]","[9.800000000000006, 2.5006489724869421]","['0.073', '0.020', '0.013']","['42.299', '0.099', '0.079']","['13.146', '0.229']",5.0,Ic,Ic,['9'],['9'],"[54329.72999999998, 2.5]","[3.9654202483593179, 0.49053011289454446]","[0.047197466018262704, 0.0040279175020266336]",7.0,1
