arnett_ni_mass,band_bc,band_extinction,band_t0,beta_req,distance,ebv_gal,ebv_host,host,lb,name,ni_khatami,peakL,peakt,prentice_ni,prentice_peakL,prentice_peakt,smoothing_bc,sn_type,sn_type_full,source,source_bc,t0,tail_meje,tail_ni_mass,ub,verbose
"[0.1221519073515946, 0.02137259065657994]","['V', 'R']","['B', 'V']",r',"[0.74244726033245978, 0.21755951486946518]","[9200000.0, 640000.0]","[0.0188, 0.0002]","[0.25, 0.04]",NGC 4490,0.0,SN2008ax,"(0.064009083396711478, 0.01045901430831849)","[42.303388716172449, 41.516637865111903]","[21.399999999999959, 1.7981182827199662]","['0.109', '0.021', '0.014']","['42.326', '0.075', '0.056']","['19.283', '0.127']",1.5,IIb,IIb,['12'],['17'],"[54528.299999999814, 1.0]","[3.2061612995051481, 0.058266122973375786]","[0.059780581680116365, 0.0013633923209916295]",7.0,1
