arnett_ni_mass,band_bc,band_extinction,band_t0,beta_req,distance,ebv_gal,ebv_host,host,lb,name,ni_khatami,peakL,peakt,prentice_ni,prentice_peakL,prentice_peakt,smoothing_bc,sn_type,sn_type_full,source,source_bc,t0,tail_meje,tail_ni_mass,ub,verbose
"[0.12429583083695335, 0.018825244352725617]","['B', 'V']","['B', 'V']",i,"[0.68747168611150911, 0.20988651286084786]","[16700000.0, 1700000.0]","[0.0201, 0.0003]","[0.08, 0.02]",NGC 1672,0.0,SN2017gax,"(0.091245224756360641, 0.012861400772748532)","[42.475247755292799, 41.624325881458908]","[14.699999999999966, 0.8920286042124026]",,,,6.5,Ic,Ic,['0'],['0'],"[57980.080000000075, 0.5]","[3.6587458775712518, 0.084549399103697367]","[0.068033533266115151, 0.0013704479927521135]",4.0,1
