arnett_ni_mass,band_bc,band_extinction,band_t0,beta_req,distance,ebv_gal,ebv_host,host,lb,name,ni_khatami,peakL,peakt,prentice_ni,prentice_peakL,prentice_peakt,smoothing_bc,sn_type,sn_type_full,source,source_bc,t0,tail_meje,tail_ni_mass,ub,verbose
"[0.31044174006701797, 0.047039533882878064]","['V', 'R']","['B', 'V']",R,"[0.25850569897802544, 0.11365870543288357]","[77900000.0, 5370000.0]","[0.0378, 0.0005]","[0.0, 0.1]",MCG -01-59-21,0.0,SN2003jd,"(0.22023985756567058, 0.021944626854860073)","[42.843942906868044, 41.842375189877238]","[15.39999999999997, 2.0816493177423001]","['0.341', '0.128', '0.082']","['42.988', '0.134', '0.115']","['12.504', '0.179']",1.0,Ic,Ic BL,['0'],['0'],"[52929.0, 2.0]","[3.1658886451561741, 0.055195787742174512]","[0.11411168126441479, 0.0036133853711907082]",7.0,1
