arnett_ni_mass,band_bc,band_extinction,band_t0,beta_req,distance,ebv_gal,ebv_host,host,lb,name,ni_khatami,peakL,peakt,prentice_ni,prentice_peakL,prentice_peakt,smoothing_bc,sn_type,source,source_bc,t0,tail_meje,tail_ni_mass,ub,verbose
"[0.32505204385166692, 0.083884688447618941]","['V', 'I']","['V', 'R']",,"[0.53687771136618456, 0.18466420252992541]","[26700000.0, 1860000.0]","[0.038, 0.0012]","[0.1, 0.07]",PGC 37625,0.0,SN2014ad,"(0.23461787463086786, 0.034278256429207586)","[42.861622980815987, 42.026280607886576]","[15.899999999999961, 3.7505696313994097]",,,,1.0,Ic,['1'],['1'],"[56724.5, 3.0]","[2.8730657807361144, 0.10426041624588839]","[0.15286386964549173, 0.0088360359863395663]",7.0,1
