arnett_ni_mass,band_bc,band_extinction,band_t0,beta_req,distance,ebv_gal,ebv_host,host,lb,name,ni_khatami,peakL,peakt,smoothing_bc,sn_type,source,source_bc,t0,tail_meje,tail_ni_mass,ub,verbose
"[0.068823645920698964, 0.0099309646604679464]","['V', 'I', ""r'""]","['V', ""r'""]",,"[0.76458517587155372, 0.14184189222391222]","[31400000.0, 2180000.0]","[0.0193, 0.0002]","[0.47, 0.037]",NGC 2770,,SN2008D,"(0.047723245173457371, 0.0056982776379519038)","[42.091053857153611, 41.1680674947998]","[20.299999999999962, 1.6940272102552107]",1.0,Ib,['4'],['4'],"[54474.56399999978, 0.0]","[3.24422251758185, 0.057744985762352312]","[0.035751597023654928, 0.00055132168517943426]",,1
