arnett_ni_mass,band_bc,band_extinction,band_t0,beta_req,distance,ebv_gal,ebv_host,host,lb,name,ni_khatami,peakL,peakt,prentice_ni,prentice_peakL,prentice_peakt,smoothing_bc,sn_type,sn_type_full,source,source_bc,t0,tail_meje,tail_ni_mass,ub,verbose
"[0.087531112377091394, 0.022990707396805463]","['V', 'I']","['B', 'V']",,"[0.9390691152697912, 0.11808907389859638]","[19700000.0, 1380000.0]","[0.0166, 0.0002]","[0.2, 0.17]",NGC 613,,SN2016gkg,"(0.052083387827879073, 0.0043891178729497451)","[42.288371522962727, 41.214049541561721]","[16.499999999999957, 4.0]",,,,0.4,IIb,IIb,"['1', ' 8']",['1'],"[57655.2080000001, 0.0]","[3.8496029144086408, 0.23453213809122123]","[0.056790551792137135, 0.0018864094254077944]",,1
