arnett_ni_mass,band_bc,band_extinction,band_t0,beta_req,distance,ebv_gal,ebv_host,host,lb,name,ni_khatami,peakL,peakt,prentice_ni,prentice_peakL,prentice_peakt,smoothing_bc,sn_type,source,source_bc,t0,tail_meje,tail_ni_mass,ub,verbose
"[0.63756640313341628, 0.066545263405915267]","['V', 'I']","['B', 'V']",R,"[1.3731555754489708, 0.18658400392379726]","[99200000.0, 6800000.0]","[0.0285, 0.0005]","[0.0, 0.15]",IC 3918,0.0,SN2011bm,"(0.42467208681168311, 0.039371657116422543)","[42.857836449480395, 41.824966427434113]","[34.499999999999915, 2.6511793683228988]","['0.702', '0.176', '0.106']","['42.922', '0.096', '0.069']","['34.586', '0.151']",3.0,Ic,['3'],['3'],"[55646.0, 2.0]","[0.3707955906595094, 20.931521812382037]","[0.49443040176405439, 0.044040493995245046]",7.0,1
