arnett_ni_mass,band_bc,band_extinction,band_t0,beta_req,distance,ebv_gal,ebv_host,host,lb,name,ni_khatami,peakL,peakt,prentice_ni,prentice_peakL,prentice_peakt,smoothing_bc,sn_type,sn_type_full,source,source_bc,t0,tail_meje,tail_ni_mass,ub,verbose
"[0.11987277646120717, 0.020614675716617927]","['V', 'R']","['B', 'V']",r',"[0.7173134044574494, 0.20671804472452823]","[9200000.0, 640000.0]","[0.0188, 0.0002]","[0.25, 0.04]",NGC 4490,0.0,SN2008ax,"(0.064599176279217921, 0.01036380141237339)","[42.301997086923649, 41.507289189285203]","[21.599999999999959, 1.7665149696763085]","['0.109', '0.021', '0.014']","['42.326', '0.075', '0.056']","['19.283', '0.127']",1.5,IIb,IIb,['12'],['17'],"[54528.299999999814, 1.0]","[3.1012391349746808, 0.061382322293524499]","[0.058940719931126449, 0.0014512850996314221]",7.0,1
