arnett_ni_mass,band_bc,band_extinction,band_t0,beta_req,distance,ebv_gal,ebv_host,host,lb,name,ni_khatami,peakL,peakt,prentice_ni,prentice_peakL,prentice_peakt,smoothing_bc,sn_type,sn_type_full,source,source_bc,t0,tail_meje,tail_ni_mass,ub,verbose
"[0.082472614554772561, 0.028528131432059838]","['B', 'V']","['V', 'r']",r,"[0.5902448010393565, 0.31952657180847643]","[26300000.0, 1840000.0]","[0.0629, 0.0004]","[0.12, 0.02]",NGC 1832,0.0,SN2004gq,"(0.061978405632443577, 0.012865395880197875)","[42.355358919210992, 41.672541673598026]","[12.299999999999988, 4.0004924211961326]",['NA'],"['42.388', '0.046', '0.028']",['NA'],0.5,Ib,Ib,['1'],"['1', '5']","[53346.10999999987, 4.0]","[4.5197099070084938, 2.3180423538197563]","[0.043825390255116843, 0.0076678725631141569]",7.0,1
