arnett_ni_mass,band_bc,band_extinction,band_t0,beta_req,distance,ebv_gal,ebv_host,host,lb,name,ni_khatami,peakL,peakt,prentice_ni,prentice_peakL,prentice_peakt,smoothing_bc,sn_type,sn_type_full,source,source_bc,t0,tail_meje,tail_ni_mass,ub,verbose
"[0.21524673464664423, 0.075577339842547192]","['V', 'I']","['V', 'R']",V,"[0.94547922437082965, 0.17107632886367152]","[73600000.0, 5000000.0]","[0.0184, 0.0009]","[0.37, 0.08]",NGC 3997,0.0,SN2004aw,"(0.16817808553434677, 0.019000865618699309)","[42.706800510756985, 41.759804492874892]","[16.299999999999976, 6.3719924230625322]",['NA'],"['42.659', '0.063', '0.056']",['NA'],5.0,Ic,Ic,['8'],['8'],"[53076.5, 6.0]","[5.1509215694314676, 2.3947643747918099]","[0.14917023197469906, 0.0087506074575257348]",7.0,1
