arnett_ni_mass,band_bc,band_extinction,band_t0,beta_req,distance,ebv_gal,ebv_host,host,lb,name,ni_khatami,peakL,peakt,prentice_ni,prentice_peakL,prentice_peakt,smoothing_bc,sn_type,sn_type_full,source,source_bc,t0,tail_meje,tail_ni_mass,ub,verbose
"[0.079817920543167831, 0.018001495730181696]","['V', 'I']","['B', 'V']",,"[0.99151925483755476, 0.12617599131858789]","[19700000.0, 1380000.0]","[0.0166, 0.0002]","[0.2, 0.17]",NGC 613,,SN2016gkg,"(0.05099380166200173, 0.004208984344899796)","[42.288947627697723, 41.205607547653798]","[15.899999999999961, 4.0]",,,,0.4,IIb,IIb,"['1', ' 8']",['1'],"[57655.2080000001, 0.0]","[4.0662280630865908, 0.25338036324362601]","[0.057524693299385782, 0.0017203809164749702]",,1
