arnett_ni_mass,band_bc,band_extinction,band_t0,beta_req,distance,ebv_gal,ebv_host,host,lb,name,ni_khatami,peakL,peakt,prentice_ni,prentice_peakL,prentice_peakt,smoothing_bc,sn_type,source,source_bc,t0,tail_meje,tail_ni_mass,ub,verbose
"[0.1199662635709481, 0.017126711366618457]","['V', 'I', ""r'""]","['V', ""i'""]",R,"[0.60466836217984343, 0.083240016543921796]","[70000000.0, 7000000.0]","[0.0975, 0.0012]","[0.068, 0.037]",UGC 12188,0.0,SN2006el,"(0.063909812698293725, 0.0054581410228257271)","[42.276218249031196, 41.207695456687787]","[23.299999999999962, 2.8522646941213723]",['NA'],"['42.237', '0.086', '0.063']",['NA'],1.0,IIb,['4'],"['4', '6']","[53962.299999999814, 1.0]","[3.9108628557546696, 0.056944801532409689]","[0.051934790501455809, 0.00074592232973097971]",7.0,1
