arnett_ni_mass,band_bc,band_extinction,band_t0,beta_req,distance,ebv_gal,ebv_host,host,lb,name,ni_khatami,peakL,peakt,prentice_ni,prentice_peakL,prentice_peakt,smoothing_bc,sn_type,sn_type_full,source,source_bc,t0,tail_meje,tail_ni_mass,ub,verbose
"[0.30820253648382812, 0.08617385042665443]","['V', 'I']","['V', 'R']",,"[0.4908099621918221, 0.19701891640578953]","[26700000.0, 1860000.0]","[0.038, 0.0012]","[0.1, 0.07]",PGC 37625,0.0,SN2014ad,"(0.23432872469741298, 0.037932971880497657)","[42.847675918429474, 42.056867258573725]","[16.599999999999959, 3.3682410506313989]",,,,1.0,Ic,Ic BL,['1'],['1'],"[56724.5, 3.0]","[3.0389537015243486, 0.11431806813688629]","[0.14504714160470089, 0.0081883412034175276]",7.0,1
