arnett_ni_mass,band_bc,band_extinction,band_t0,beta_req,distance,ebv_gal,ebv_host,host,lb,name,ni_khatami,peakL,peakt,smoothing_bc,sn_type,source,source_bc,t0,tail_meje,tail_ni_mass,ub,verbose
"[0.28351188901831975, 0.068727438278986641]","['V', 'I']","['V', 'R']",V,"[-0.025474687544119717, 0.1589640353293989]","[60900000.0, 4220000.0]","[0.2217, 0.0046]","[0.0, 0.02]", UGC 1238,0.0,SN2007ru,"(0.20889970317323417, 0.024052517589380665)","[42.903378591950968, 41.964601309977439]","[11.500000000000009, 3.2812597497957205]",1.0,Ic,['8'],['8'],"[54429.5, 3.0]","[3.5558104665651378, 0.084670825299250227]","[0.099862448437451568, 0.0040666582861648677]",7.0,1
