arnett_ni_mass,band_bc,band_extinction,band_t0,beta_req,distance,ebv_gal,ebv_host,host,lb,name,ni_khatami,peakL,peakt,prentice_ni,prentice_peakL,prentice_peakt,smoothing_bc,sn_type,source,source_bc,t0,tail_meje,tail_ni_mass,ub,verbose
"[0.074079780606724877, 0.041813349250094736]","['B', 'V']","['V', 'r']",r,"[0.63343325000049322, 0.30803225941192214]","[26300000.0, 1840000.0]","[0.0629, 0.0004]","[0.12, 0.02]",NGC 1832,0.0,SN2004gq,"(0.055841453741503969, 0.009418830095220489)","[42.355637725544497, 41.582677972430048]","[10.399999999999981, 8.9326602918156706]",['NA'],"['42.388', '0.046', '0.028']",['NA'],0.5,Ib,['1'],"['1', '5']","[53348.10999999987, 6.36]","[4.2707687892631068, 0.25820724177002913]","[0.042961240560808453, 0.0027433032439096823]",7.0,1
