arnett_ni_mass,band_bc,band_extinction,band_t0,beta_req,distance,ebv_gal,ebv_host,host,lb,name,ni_khatami,peakL,peakt,prentice_ni,prentice_peakL,prentice_peakt,smoothing_bc,sn_type,sn_type_full,source,source_bc,t0,tail_meje,tail_ni_mass,ub,verbose
"[0.62906233364516506, 0.10718026630936477]","['V', 'I']","['B', 'V']",R,"[1.7108742932299223, 0.41280440784281336]","[99200000.0, 6800000.0]","[0.0285, 0.0005]","[0.0, 0.15]",IC 3918,0.0,SN2011bm,"(0.43149335659636878, 0.073231928470723268)","[42.861249914053978, 42.090976271368241]","[34.599999999999909, 0.68445375022902055]","['0.702', '0.176', '0.106']","['42.922', '0.096', '0.069']","['34.586', '0.151']",3.0,Ic,Ic,['3'],['3'],"[55645.5, 0.5]","[3.7270169184188893, 2.8213965610125769]","[0.57352337033824696, 0.038207738488089282]",7.0,1
