arnett_ni_mass,band_bc,band_extinction,band_t0,beta_req,distance,ebv_gal,ebv_host,host,lb,name,ni_khatami,peakL,peakt,prentice_ni,prentice_peakL,prentice_peakt,smoothing_bc,sn_type,sn_type_full,source,source_bc,t0,tail_meje,tail_ni_mass,ub,verbose
"[0.16810768818363506, 0.049459553321171079]","['V', 'I']","['V', 'R']",,"[0.54902977782899187, 0.29938010713008945]","[17900000.0, 1000000.0]","[0.0168, 0.0002]","[0.2, 0.04]",NGC 4414,,SN2013df,"(0.084098910445575936, 0.02031863262293573)","[42.390027836595536, 41.773131945326895]","[23.700000000000053, 6.449561446749593]","['0.144', '0.028', '0.019']","['42.397', '0.074', '0.058']","['21.793', '0.103']",0.3,IIb,IIb,['8'],['8'],"[56447.299999999814, 0.9]","[4.0073807337762215, 0.056416987129852367]","[0.064280336261072921, 0.00058935270507589309]",,1
