arnett_ni_mass,band_bc,band_extinction,band_t0,beta_req,distance,ebv_gal,ebv_host,host,lb,name,ni_khatami,peakL,peakt,prentice_ni,prentice_peakL,prentice_peakt,smoothing_bc,sn_type,source,source_bc,t0,tail_meje,tail_ni_mass,ub,verbose
"[0.088602906439677567, 0.019434035979103266]","['V', 'I']","['B', 'V']",,"[0.99634315889192815, 0.11997511418591603]","[19700000.0, 1380000.0]","[0.0166, 0.0002]","[0.2, 0.17]",NGC 613,,SN2016gkg,"(0.051999744075551982, 0.0042849903717011983)","[42.28929007971653, 41.205238723929305]","[16.399999999999959, 4.0]",,,,0.4,IIb,"['1', ' 8']",['1'],"[57655.2080000001, 0.0]","[3.7249073644527404, 0.19752101315402756]","[0.058978048111956949, 0.0016883324760662351]",,1
