arnett_ni_mass,band_bc,band_extinction,band_t0,beta_req,distance,ebv_gal,ebv_host,host,lb,name,ni_khatami,peakL,peakt,prentice_ni,prentice_peakL,prentice_peakt,smoothing_bc,sn_type,source,source_bc,t0,tail_meje,tail_ni_mass,ub,verbose
"[0.05178343022004419, 0.0062815009732064058]","['V', 'I']","['V', 'R']",,"[1.3593002348067562, 0.66214183967397511]","[9770000.0, 500000.0]","[0.0616, 0.0018]","[0.01, 0.02]",M74,,SN2002ap,"(0.048520324648877865, 0.0051798187309589567)","[42.49670699257171, 41.525097856276638]","[2.7000000000000015, 0.66100216457637206]","['0.094', '0.013', '0.006']","['42.415', '0.055', '0.028']","['13.011', '0.000']",0.7,Ic,['12'],"['11', '12']","[52310.799999999814, 0.5]","[3.5334401282008048, 0.056158747753991545]","[0.050371818799879481, 0.00071356210754149388]",,1
