arnett_ni_mass,band_bc,band_extinction,band_t0,beta_req,distance,ebv_gal,ebv_host,host,lb,name,ni_khatami,peakL,peakt,prentice_ni,prentice_peakL,prentice_peakt,smoothing_bc,sn_type,sn_type_full,source,source_bc,t0,tail_meje,tail_ni_mass,ub,verbose
"[0.072085982606223065, 0.017334582974179832]","['V', 'I']","['V', 'R']",V,"[0.79882247816788132, 0.34684518832099309]","[8970000.0, 630000.0]","[0.0532, 0.0005]","[0.15, 0.11]",NGC 1058,0.0,SN2007gr,"(0.0543563320326255, 0.0083554649676767841)","[42.384713413580435, 41.571433893404347]","[8.7000000000000046, 2.7581476984743545]","['0.073', '0.020', '0.013']","['42.299', '0.099', '0.079']","['13.146', '0.229']",5.0,Ic,Ic,['9'],['9'],"[54329.72999999998, 2.5]","[3.9373154056941053, 0.11440310814808091]","[0.046852164056603932, 0.0015521368593833238]",7.0,1
