arnett_ni_mass,band_bc,band_extinction,band_t0,beta_req,distance,ebv_gal,ebv_host,host,lb,name,ni_khatami,peakL,peakt,prentice_ni,prentice_peakL,prentice_peakt,smoothing_bc,sn_type,sn_type_full,source,source_bc,t0,tail_meje,tail_ni_mass,ub,verbose
"[0.11067470314510292, 0.02248726775647376]","['V', 'I']","['V', 'R']",,"[0.63840440212019922, 0.19801153524693049]","[9770000.0, 500000.0]","[0.0616, 0.0018]","[0.01, 0.02]",M74,,SN2002ap,"(0.084484910494350154, 0.011379092498723185)","[42.472568695223607, 41.601897174659086]","[13.099999999999989, 2.5043645834239561]","['0.094', '0.013', '0.006']","['42.415', '0.055', '0.028']","['13.011', '0.000']",1.0,Ic,Ic BL,['12'],"['11', '12']","[52300.0, 2.5]","[3.5432847493760269, 0.38287430839853287]","[0.061638884584986363, 0.0034242920792825378]",,1
