arnett_ni_mass,band_bc,band_extinction,band_t0,beta_req,distance,ebv_gal,ebv_host,host,lb,name,ni_khatami,peakL,peakt,prentice_ni,prentice_peakL,prentice_peakt,smoothing_bc,sn_type,sn_type_full,source,source_bc,t0,tail_meje,tail_ni_mass,ub,verbose
"[0.16920862232091072, 0.016385122659257362]","['V', 'R']","['V', 'R']",,"[0.81304130610449843, 0.11615396827681651]","[8580000.0, 100000.0]","[0.0309, 0.0017]","[0.15, 0.028]",M51,,SN2011dh,"(0.094543129664679079, 0.009152193464516574)","[42.489140282233897, 41.475035499484335]","[20.099999999999945, 0.049986819330423177]","['0.075', '0.011', '0.006']","['42.246', '0.057', '0.036']","['15.712', '0.017']",1.0,IIb,IIb,['17'],['17'],"[55712.0, 0.0]","[3.1866402807349763, 0.26909867195857151]","[0.093482298670807706, 0.0015400845704361863]",,1
