arnett_ni_mass,band_bc,band_extinction,band_t0,beta_req,distance,ebv_gal,ebv_host,host,lb,name,ni_khatami,peakL,peakt,prentice_ni,prentice_peakL,prentice_peakt,smoothing_bc,sn_type,source,source_bc,t0,tail_meje,tail_ni_mass,ub,verbose
"[0.070387735285694197, 0.013847278641208861]","['V', 'I', ""r'""]","['V', ""r'""]",,"[0.74109393014355385, 0.1318736282107722]","[31400000.0, 2180000.0]","[0.0193, 0.0002]","[0.47, 0.037]",NGC 2770,,SN2008D,"(0.048961741335905161, 0.0055310579299011125)","[42.095614426385886, 41.148565778292763]","[20.69999999999996, 3.2616439584344379]","['0.111', '0.167', '0.059']","['42.333', '0.393', '0.325']","['19.293', '0.229']",1.0,Ib,['4'],['4'],"[54474.56399999978, 0.0]","[3.1746557324137195, 0.060105681167148033]","[0.036195369042848959, 0.00063354481621172483]",,1
