arnett_ni_mass,band_bc,band_extinction,band_t0,beta_req,distance,ebv_gal,ebv_host,host,lb,name,ni_khatami,peakL,peakt,prentice_ni,prentice_peakL,prentice_peakt,smoothing_bc,sn_type,sn_type_full,source,source_bc,t0,tail_meje,tail_ni_mass,ub,verbose
"[0.13170177230722896, 0.057134328923593533]","['B', 'V']","['V', ""i'""]",V,"[0.30317614395498144, 0.28382138895436981]","[61700000.0, 4270000.0]","[0.0306, 0.0005]","[0.33, 0.05]",NGC 214,0.0,SN2006ep,"(0.10869409250889595, 0.022262260312456657)","[42.551243550967122, 41.862606866660393]","[14.699999999999966, 7.1646477282784851]","['0.067', '0.019', '0.014']","['42.142', '0.075', '0.060']","['18.002', '1.653']",1.0,Ib,Ib,['5'],['2'],"[53970.5, 7.0]","[3.7257045713662627, 0.34302410822769874]","[0.059788732827692412, 0.0054675480753636659]",7.0,1
