arnett_ni_mass,band_bc,band_extinction,band_t0,beta_req,distance,ebv_gal,ebv_host,host,lb,name,ni_khatami,peakL,peakt,prentice_ni,prentice_peakL,prentice_peakt,smoothing_bc,sn_type,sn_type_full,source,source_bc,t0,tail_meje,tail_ni_mass,ub,verbose
"[0.26294334328523072, 0.068800598810263014]","['V', 'I']","['V', 'R']",V,"[8.4629603468679872e-05, 0.11203488904876395]","[60900000.0, 4220000.0]","[0.2217, 0.0046]","[0.0, 0.02]", UGC 1238,0.0,SN2007ru,"(0.20312287314586289, 0.023743339861396102)","[42.907157778235117, 41.974940756319775]","[10.800000000000008, 3.2700100950946855]","['0.323', '0.044', '0.024']","['43.033', '0.054', '0.032']","['10.242', '0.047']",1.0,Ic,Ic BL,['8'],['8'],"[54429.5, 3.0]","[3.4854316702075896, 0.088942799695167454]","[0.10350082682717439, 0.0043570899949947894]",7.0,1
