arnett_ni_mass,band_bc,band_extinction,band_t0,beta_req,distance,ebv_gal,ebv_host,host,lb,name,ni_khatami,peakL,peakt,prentice_ni,prentice_peakL,prentice_peakt,smoothing_bc,sn_type,sn_type_full,source,source_bc,t0,tail_meje,tail_ni_mass,ub,verbose
"[0.11215601430701301, 0.04160454575712965]","['B', 'V']","['V', 'R']",V,"[0.75600922177344676, 51.870537047530156]","[23700000.0, 1650000.0]","[0.0198, 0.0002]","[0.1, 0.1]",NGC 3287,0.0,SN2013ge,"(0.083330258482805189, 0.0233572590330468)","[42.387421115596489, 41.835040263737653]","[17.199999999999957, 5.4536424991408028]","['0.109', '0.032', '0.023']","['42.335', '0.077', '0.064']","['18.878', '1.697']",4.5,Ib,Ib,['2'],['2'],"[56602.29000000004, 4.7]","[3.9356435902936635, 0.18940686849099389]","[0.06387023750581039, 0.0039623009778317515]",7.0,1
