arnett_ni_mass,band_bc,band_extinction,band_t0,beta_req,distance,ebv_gal,ebv_host,host,lb,name,ni_khatami,peakL,peakt,prentice_ni,prentice_peakL,prentice_peakt,smoothing_bc,sn_type,sn_type_full,source,source_bc,t0,tail_meje,tail_ni_mass,ub,verbose
"[0.62758791391026425, 0.15501588961297225]","['V', 'R']","['V', 'R']",R,"[0.81434065645884601, 0.30155806918719708]","[87700000.0, 6040000.0]","[0.0894, 0.0021]","[0.52, 0.08]",UGC 1394,0.0,SN2005hg,"(0.44343000294117474, 0.083531271093120765)","[43.083878019684867, 42.358902035193722]","[18.699999999999953, 3.1204287304553744]",['NA'],"['42.418', '0.067', '0.047']",['NA'],2.0,Ib,Ib,['6'],['6'],"[53665.64999999991, 2.0]","[4.4351509810012892, 0.22999127914066897]","[0.35264777135088765, 0.010009868598273675]",7.0,1
