arnett_ni_mass,band_bc,band_extinction,band_t0,beta_req,distance,ebv_gal,ebv_host,host,lb,name,ni_khatami,peakL,peakt,prentice_ni,prentice_peakL,prentice_peakt,smoothing_bc,sn_type,sn_type_full,source,source_bc,t0,tail_meje,tail_ni_mass,ub,verbose
"[0.16647850607962295, 0.016267697871788136]","['V', 'R']","['V', 'R']",,"[0.844947701538864, 0.12221186043641943]","[8580000.0, 100000.0]","[0.0309, 0.0017]","[0.15, 0.028]",M51,,SN2011dh,"(0.0924829477332023, 0.00901320795541867)","[42.489530887070508, 41.478348614745464]","[19.599999999999948, 0.26193805339555792]","['0.075', '0.011', '0.006']","['42.246', '0.057', '0.036']","['15.712', '0.017']",1.0,IIb,IIb,['17'],['17'],"[55712.0, 0.0]","[3.2947620608219426, 0.046705295600275823]","[0.094387674364642987, 0.0012812593250121317]",,1
