arnett_ni_mass,band_bc,band_extinction,band_t0,beta_req,distance,ebv_gal,ebv_host,host,lb,name,ni_khatami,peakL,peakt,prentice_ni,prentice_peakL,prentice_peakt,smoothing_bc,sn_type,sn_type_full,source,source_bc,t0,tail_meje,tail_ni_mass,ub,verbose
"[0.12947619485408135, 0.02135548645067838]","['B', 'V']","['B', 'V']",i,"[0.61790022665802435, 0.17635584923004669]","[16700000.0, 1700000.0]","[0.0201, 0.0003]","[0.08, 0.02]",NGC 1672,0.0,SN2017gax,"(0.093795120164861967, 0.012471572729391785)","[42.479181352369757, 41.602922331937478]","[15.099999999999964, 1.9232619828391861]",,,,6.5,Ic,Ic,['0'],['0'],"[57980.080000000075, 0.5]","[3.5948380601037244, 0.08770084415950638]","[0.066015690056204834, 0.0013722612987837318]",4.0,1
