arnett_ni_mass,band_bc,band_extinction,band_t0,beta_req,distance,ebv_gal,ebv_host,host,lb,name,ni_khatami,peakL,peakt,prentice_ni,prentice_peakL,prentice_peakt,smoothing_bc,sn_type,sn_type_full,source,source_bc,t0,tail_meje,tail_ni_mass,ub,verbose
"[0.19409506030867757, 0.027077252403347095]","['V', 'I']","['V', 'R']",B,"[1.1463759685924835, 0.24775751166615428]","[40100000.0, 2830000.0]","[0.0847, 0.001]","[0.4, 0.08]",NGC 3278,0.0,SN2009bb,"(0.15110281601143177, 0.017872559045319904)","[42.776369559616306, 41.849283742032355]","[10.900000000000007, 1.1794370426630314]","['0.258', '0.119', '0.073']","['42.863', '0.162', '0.143']","['12.631', '0.095']",3.0,Ic,Ic BL,['6'],['6'],"[54912.919999999925, 1.08]","[1.6017105136705241, 0.21079505736174242]","[0.15276242108392776, 0.036068739150920806]",7.0,1
