arnett_ni_mass,band_bc,band_extinction,band_t0,beta_req,distance,ebv_gal,ebv_host,host,lb,name,ni_khatami,peakL,peakt,prentice_ni,prentice_peakL,prentice_peakt,smoothing_bc,sn_type,sn_type_full,source,source_bc,t0,tail_meje,tail_ni_mass,ub,verbose
"[0.18672423979413399, 0.043616477711737579]","['B', 'V']","['B', 'V']",V,"[0.47221597022474154, 0.21738914551473046]","[34600000.0, 2400000.0]","[0.0643, 0.0007]","[0.26, 0.029]",NGC 3054,0.0,SN2006T,"(0.10913661778934752, 0.019030322167774814)","[42.62598419490589, 41.867459844901589]","[15.499999999999963, 4.1265804144856428]","['0.082', '0.020', '0.014']","['42.322', '0.054', '0.036']","['14.148', '1.651']",0.5,IIb,IIb,['1'],['1'],"[53764.45999999996, 1.5]","[4.5678170462067484, 0.14228012688546704]","[0.083305886071283392, 0.0017264971773879572]",7.0,1
