arnett_ni_mass,band_bc,band_extinction,band_t0,beta_req,distance,ebv_gal,ebv_host,host,lb,name,ni_khatami,peakL,peakt,prentice_ni,prentice_peakL,prentice_peakt,smoothing_bc,sn_type,sn_type_full,source,source_bc,t0,tail_meje,tail_ni_mass,ub,verbose
"[0.28965706091731608, 0.08690544960968849]","['B', 'V']","['B', 'V']",V,"[0.63834029978755413, 0.28841310937144277]","[31400000.0, 2180000.0]","[0.0192, 0.0003]","[0.53, 0.02]",	NGC 2770,0.0,SN2007uy,"(0.2088516015777738, 0.047075101557314647)","[42.804707526124282, 42.15766098173814]","[16.099999999999959, 3.5008483480524455]","['0.394', '0.604', '0.215']","['42.887', '0.398', '0.338']","['19.075', '0.284']",1.0,Ib,Ib pec,['4'],['4'],"[54463.950000000186, 3.5]","[3.7459095279697721, 0.79381745181009755]","[0.14341150242724932, 0.023583567731243944]",7.0,1
