arnett_ni_mass,band_bc,band_extinction,band_t0,beta_req,distance,ebv_gal,ebv_host,host,lb,name,ni_khatami,peakL,peakt,smoothing_bc,sn_type,source,source_bc,t0,tail_meje,tail_ni_mass,ub,verbose
"[0.068448442337168916, 0.030754462539593991]","['V', 'I']","['V', 'R']",V,"[0.84619039450057754, 0.65931661422387466]","[8970000.0, 630000.0]","[0.0532, 0.0005]","[0.15, 0.11]",NGC 1058,0.0,SN2007gr,"(0.055295269135867804, 0.013785969343152423)","[42.394617753143343, 41.791367085308892]","[8.600000000000005, 5.4716443944273685]",3.5,Ic,['9'],['9'],"[54329.72999999998, 5.1]","[3.9762792853175148, 0.14774877529077499]","[0.046264549357938785, 0.0027287950971919732]",7.0,1
