arnett_ni_mass,band_bc,band_extinction,band_t0,beta_req,distance,ebv_gal,ebv_host,host,lb,name,ni_khatami,peakL,peakt,prentice_ni,prentice_peakL,prentice_peakt,smoothing_bc,sn_type,sn_type_full,source,source_bc,t0,tail_meje,tail_ni_mass,ub,verbose
"[0.63414032866177528, 0.063366121514161711]","['V', 'I']","['B', 'V']",R,"[1.641591260124275, 0.23439508593063585]","[99200000.0, 6800000.0]","[0.0285, 0.0005]","[0.0, 0.15]",IC 3918,0.0,SN2011bm,"(0.43089558309286574, 0.040381190166956495)","[42.859670536073097, 41.831477608597623]","[34.69999999999991, 1.7526132363178373]","['0.702', '0.176', '0.106']","['42.922', '0.096', '0.069']","['34.586', '0.151']",3.0,Ic,Ic,['3'],['3'],"[55645.5, 0.5]","[3.8759441135388069, 0.05636536535671479]","[0.57096284191301683, 0.0063450522064437097]",7.0,1
