arnett_ni_mass,band_bc,band_extinction,band_t0,beta_req,distance,ebv_gal,ebv_host,host,lb,name,ni_khatami,peakL,peakt,prentice_ni,prentice_peakL,prentice_peakt,smoothing_bc,sn_type,source,source_bc,t0,tail_meje,tail_ni_mass,ub,verbose
"[0.63545830843244855, 0.21737078099130122]","['B', 'V']","['B', 'V']",,"[0.75839025798480342, 61.07178395293046]","[85500000.0, 5890000.0]","[0.0384, 0.0004]","[0.0, 0.069]",MCG +00-27-05,0.0,SN2005bf,"(0.43027910637724265, 0.14564940033984819)","[42.806145043255903, 42.335703486176591]","[41.000000000000156, 3.5591942764568896]","['0.131', '0.026', '0.017']","['42.426', '0.071', '0.052']","['18.325', '0.351']",1.0,Ib,['2'],['2'],"[53457.0, 2.0]","[1.1266309970273884, 0.97984325622430912]","[0.31623437162610601, 0.010154110766083777]",7.0,1
