arnett_ni_mass,band_bc,band_extinction,band_t0,beta_req,distance,ebv_gal,ebv_host,host,lb,name,ni_khatami,peakL,peakt,prentice_ni,prentice_peakL,prentice_peakt,smoothing_bc,sn_type,sn_type_full,source,source_bc,t0,tail_meje,tail_ni_mass,ub,verbose
"[0.11165133435509245, 0.01269561394551681]","['V', 'I', ""r'""]","['V', ""i'""]",R,"[0.65819301366734484, 0.091667350794993399]","[70000000.0, 7000000.0]","[0.0975, 0.0012]","[0.068, 0.037]",UGC 12188,0.0,SN2006el,"(0.05947204490093369, 0.0050044603761779174)","[42.268609219532138, 41.193653602876978]","[21.599999999999966, 1.976462667641212]",['NA'],"['42.237', '0.086', '0.063']",['NA'],1.0,IIb,IIb,['4'],"['4', '6']","[53962.299999999814, 0.7]","[3.9564717623668098, 0.055315059269679855]","[0.051324836609910419, 0.00062241966342414432]",7.0,1
