arnett_ni_mass,band_bc,band_extinction,band_t0,beta_req,distance,ebv_gal,ebv_host,host,lb,name,ni_khatami,peakL,peakt,prentice_ni,prentice_peakL,prentice_peakt,smoothing_bc,sn_type,source,source_bc,t0,tail_meje,tail_ni_mass,ub,verbose
"[0.19142176034677821, 0.056445789147258243]","['B', 'V']","['B', 'V']",V,"[0.45611906331197266, 0.18513805080002455]","[34600000.0, 2400000.0]","[0.0643, 0.0007]","[0.26, 0.029]",NGC 3054,0.0,SN2006T,"(0.10922025131533125, 0.015663795656331258)","[42.623017307830303, 41.779611145182251]","[15.699999999999962, 4.437712939717211]","['0.082', '0.020', '0.014']","['42.322', '0.054', '0.036']","['14.148', '1.651']",1.0,IIb,['1'],['1'],"[53764.45999999996, 4.38]","[4.4652550125093446, 0.19632426627432129]","[0.082035831402700585, 0.0040936144889160177]",7.0,1
