arnett_ni_mass,band_bc,band_extinction,band_t0,beta_req,distance,ebv_gal,ebv_host,host,lb,name,ni_khatami,peakL,peakt,prentice_ni,prentice_peakL,prentice_peakt,smoothing_bc,sn_type,sn_type_full,source,source_bc,t0,tail_meje,tail_ni_mass,ub,verbose
"[0.29331939316815064, 0.063155751656148826]","['V', 'R']","['B', 'V']",R,"[0.28692764847495433, 0.21143805301167029]","[77900000.0, 5370000.0]","[0.0378, 0.0005]","[0.0, 0.1]",MCG -01-59-21,0.0,SN2003jd,"(0.22101322249223532, 0.040010561452568393)","[42.850891756817255, 42.108648145654726]","[14.999999999999972, 2.0770371531881295]","['0.341', '0.128', '0.082']","['42.988', '0.134', '0.115']","['12.504', '0.179']",1.0,Ic,Ic BL,['0'],['0'],"[52929.0, 2.0]","[3.1681222305667855, 0.50369318805388952]","[0.11699044606600595, 0.013993178686539511]",7.0,1
