arnett_ni_mass,band_bc,band_extinction,band_t0,beta_req,distance,ebv_gal,ebv_host,host,lb,name,ni_khatami,peakL,peakt,prentice_ni,prentice_peakL,prentice_peakt,smoothing_bc,sn_type,sn_type_full,source,source_bc,t0,tail_meje,tail_ni_mass,ub,verbose
"[0.097303046298492707, 0.036577963469303178]","['B', 'V']","['V', 'R']",V,"[0.75379221613761005, 0.57336212526008512]","[23700000.0, 1650000.0]","[0.0198, 0.0002]","[0.1, 0.1]",NGC 3287,0.0,SN2013ge,"(0.080358244926123687, 0.020205554455636973)","[42.386678692177547, 41.78711902156838]","[16.399999999999959, 5.3546213745045854]","['0.109', '0.032', '0.023']","['42.335', '0.077', '0.064']","['18.878', '1.697']",5.0,Ib,Ib,['2'],['2'],"[56602.29000000004, 4.7]","[3.8391084988893924, 0.1871211706721731]","[0.061889271855487378, 0.0039450653953376318]",7.0,1
