arnett_ni_mass,band_bc,band_extinction,band_t0,beta_req,distance,ebv_gal,ebv_host,host,lb,name,ni_khatami,peakL,peakt,smoothing_bc,sn_type,source,source_bc,t0,tail_meje,tail_ni_mass,ub,verbose
"[0.052475094146678884, 0.0066115098410527966]","['V', 'I']","['V', 'R']",,"[1.7981066739767519, 0.69062554204549598]","[9770000.0, 500000.0]","[0.0616, 0.0018]","[0.01, 0.02]",M74,,SN2002ap,"(0.049159246182072409, 0.0052279438401300051)","[42.499479134482222, 41.526204833411562]","[2.8000000000000016, 0.68162262478572655]",0.7,Ic,['12'],"['11', '12']","[52310.799999999814, 0.5]","[3.4039018229581979, 0.098730004294572543]","[0.054473748629766262, 0.001520656703579096]",,1
