arnett_ni_mass,band_bc,band_extinction,band_t0,beta_req,distance,ebv_gal,ebv_host,host,lb,name,ni_khatami,peakL,peakt,prentice_ni,prentice_peakL,prentice_peakt,smoothing_bc,sn_type,source,source_bc,t0,tail_meje,tail_ni_mass,ub,verbose
"[0.15446231758193213, 0.033097302125692042]","['V', 'I']","['V', 'R']",,"[0.55684241152207203, 0.20533049173807275]","[17900000.0, 1000000.0]","[0.0168, 0.0002]","[0.2, 0.04]",NGC 4414,,SN2013df,"(0.08200726724331403, 0.014788224687768126)","[42.377745341095867, 41.633809041593437]","[23.800000000000054, 3.3137744032939853]","['0.144', '0.028', '0.019']","['42.397', '0.074', '0.058']","['21.793', '0.103']",0.7,IIb,['8'],['8'],"[56447.299999999814, 0.9]","[3.897561755188109, 0.057702479624784822]","[0.063182023761001044, 0.00063264583020066129]",,1
