arnett_ni_mass,band_bc,band_extinction,band_t0,beta_req,distance,ebv_gal,ebv_host,host,lb,name,ni_khatami,peakL,peakt,prentice_ni,prentice_peakL,prentice_peakt,smoothing_bc,sn_type,source,source_bc,t0,tail_meje,tail_ni_mass,ub,verbose
"[0.074598778634937968, 0.037412168784201859]","['V', 'I']","['V', 'R']",V,"[0.78943662876706311, 0.49204253882457166]","[8970000.0, 630000.0]","[0.0532, 0.0005]","[0.15, 0.11]",NGC 1058,0.0,SN2007gr,"(0.056100119568185287, 0.011145715427418927)","[42.395968077460573, 41.694112241024321]","[8.8000000000000043, 7.4783630431703108]","['0.073', '0.020', '0.013']","['42.299', '0.099', '0.079']","['13.146', '0.229']",3.5,Ic,['9'],['9'],"[54329.72999999998, 5.1]","[3.8980302242108182, 0.15689534550073761]","[0.048075115010041712, 0.0029843469278575604]",7.0,1
