arnett_ni_mass,band_bc,band_extinction,band_t0,beta_req,distance,ebv_gal,ebv_host,host,lb,name,ni_khatami,peakL,peakt,prentice_ni,prentice_peakL,prentice_peakt,smoothing_bc,sn_type,sn_type_full,source,source_bc,t0,tail_meje,tail_ni_mass,ub,verbose
"[0.33624884372355607, 0.06764522018728629]","['V', 'I']","['V', 'R']",B,"[0.66756978104125186, 0.20109266845458421]","[18100000.0, 1260000.0]","[0.0737, 0.0021]","[0.27, 0.08]",UGC 11868,0.0,SN2016coi,"(0.24332957771462832, 0.040561094420740441)","[42.842932421224241, 42.064847183428597]","[17.599999999999955, 2.1117982398772477]",,,,2.5,Ic,Ic BL,['1'],['1'],"[57533.22999999998, 2.1]","[4.2419091561659199, 0.57113830377168462]","[0.17031648154436679, 0.016437272900934424]",7.0,1
