arnett_ni_mass,band_bc,band_extinction,band_t0,beta_req,distance,ebv_gal,ebv_host,host,lb,name,ni_khatami,peakL,peakt,prentice_ni,prentice_peakL,prentice_peakt,smoothing_bc,sn_type,sn_type_full,source,source_bc,t0,tail_meje,tail_ni_mass,ub,verbose
"[0.19378529418775284, 0.035554123974107926]","['V', 'I']","['V', 'R']",B,"[1.2332563503885214, 0.34754753827757406]","[40100000.0, 2830000.0]","[0.0847, 0.001]","[0.4, 0.08]",NGC 3278,0.0,SN2009bb,"(0.15239276726801337, 0.026011820543985882)","[42.775240584171051, 42.007446977923316]","[11.000000000000007, 1.0882898747397225]","['0.258', '0.119', '0.073']","['42.863', '0.162', '0.143']","['12.631', '0.095']",3.0,Ic,Ic BL,['6'],['6'],"[54912.919999999925, 1.08]","[1.4921988461898525, 0.45395050745596666]","[0.15837776265497272, 0.054628383370803821]",7.0,1
