arnett_ni_mass,band_bc,band_extinction,band_t0,beta_req,distance,ebv_gal,ebv_host,host,lb,name,ni_khatami,peakL,peakt,prentice_ni,prentice_peakL,prentice_peakt,smoothing_bc,sn_type,source,source_bc,t0,tail_meje,tail_ni_mass,ub,verbose
"[0.22166008716785521, 0.059635179824396749]","['V', 'R']","['B', 'V']",R,"[0.093452864068987632, 0.1236484345355289]","[77900000.0, 5370000.0]","[0.0378, 0.0005]","[0.0, 0.1]",MCG -01-59-21,0.0,SN2003jd,"(0.17040651598676895, 0.016793464711902999)","[42.833194511524866, 41.826848620295777]","[10.699999999999987, 3.3943680290804679]","['0.341', '0.128', '0.082']","['42.988', '0.134', '0.115']","['12.504', '0.179']",1.0,Ic,['0'],['0'],"[52933.22999999998, 3.37]","[3.7491470745273285, 0.095321623191963176]","[0.09299294424177848, 0.0034952804926895427]",7.0,1
