arnett_ni_mass,band_bc,band_extinction,band_t0,beta_req,distance,ebv_gal,ebv_host,host,lb,name,ni_khatami,peakL,peakt,prentice_ni,prentice_peakL,prentice_peakt,smoothing_bc,sn_type,sn_type_full,source,source_bc,t0,tail_meje,tail_ni_mass,ub,verbose
"[0.27710050313842449, 0.074135572228027177]","['V', 'I']","['V', 'R']",B,"[0.91236854937670786, 0.193107202289521]","[33800000.0, 2350000.0]","[0.097, 0.0013]","[0.07, 0.065]",NGC 7479,0.0,SN2009jf,"(0.1967371625875671, 0.028806518578326563)","[42.680519822528112, 41.846124193620824]","[21.899999999999956, 4.6491165163060142]","['0.271', '0.051', '0.035']","['42.682', '0.072', '0.057']","['21.267', '0.164']",1.0,Ib,Ib,"['5', '8']",['8'],"[55099.54000000004, 4.2]","[5.0271007247607464, 0.22864759449002181]","[0.16756463881878506, 0.0074572206938179637]",7.0,1
