arnett_ni_mass,band_bc,band_extinction,band_t0,beta_req,distance,ebv_gal,ebv_host,host,lb,name,ni_khatami,peakL,peakt,smoothing_bc,sn_type,source,source_bc,t0,tail_meje,tail_ni_mass,ub,verbose
"[0.083958451385134705, 0.02147979245295565]","['V', 'I']","['B', 'V']",,"[0.99619773607478368, 0.12856444586458698]","[19700000.0, 1380000.0]","[0.0166, 0.0002]","[0.2, 0.17]",NGC 613,,SN2016gkg,"(0.050802674075237274, 0.0041947014030792647)","[42.288956802354669, 41.205771281037592]","[15.799999999999962, 4.0]",0.4,IIb,"['1', ' 8']",['1'],"[57655.2080000001, 0.0]","[3.9613198269831758, 0.24608155232742607]","[0.057218966422015967, 0.0018070511851961458]",,1
