arnett_ni_mass,band_bc,band_extinction,band_t0,beta_req,distance,ebv_gal,ebv_host,host,lb,name,ni_khatami,peakL,peakt,smoothing_bc,sn_type,source,source_bc,t0,tail_meje,tail_ni_mass,ub,verbose
"[0.12471141903233349, 0.033431849530166549]","['V', 'R']","['B', 'V']",r',"[0.6283071420785501, 0.2887282106071199]","[9200000.0, 640000.0]","[0.0188, 0.0002]","[0.25, 0.04]",NGC 4490,0.0,SN2008ax,"(0.066883712775061777, 0.014290238338869754)","[42.316780585548265, 41.646499684576227]","[21.799999999999958, 4.1329904688557342]",1.0,IIb,['12'],['17'],"[54528.299999999814, 3.64]","[3.4280712955424972, 0.083774433020125022]","[0.052938405614400358, 0.0025856721405582289]",7.0,1
