arnett_ni_mass,band_bc,band_extinction,band_t0,beta_req,distance,ebv_gal,ebv_host,host,lb,name,ni_khatami,peakL,peakt,smoothing_bc,sn_type,source,source_bc,t0,tail_meje,tail_ni_mass,ub,verbose
"[0.19384471341554604, 0.049899079992966243]","['V', 'I']","['V', 'R']",B,"[0.21843918371349366, 0.4158366227863487]","[40100000.0, 2830000.0]","[0.0847, 0.001]","[0.4, 0.08]",NGC 3278,0.0,SN2009bb,"(0.15263661002251666, 0.034316604820719694)","[42.792339721650059, 42.144185323173595]","[10.400000000000006, 1.6226073293751577]",2.5,Ic,['6'],['6'],"[54913.919999999925, 1.08]","[2.6412137874990718, 0.14571299366349297]","[0.088536806769756393, 0.0047052465074917723]",7.0,1
