arnett_ni_mass,band_bc,band_extinction,band_t0,beta_req,distance,ebv_gal,ebv_host,host,lb,name,ni_khatami,peakL,peakt,prentice_ni,prentice_peakL,prentice_peakt,smoothing_bc,sn_type,sn_type_full,source,source_bc,t0,tail_meje,tail_ni_mass,ub,verbose
"[0.14251235328673842, 0.02299899058583665]","['V', 'I']","['V', 'R']",,"[0.60535844203330225, 0.14387616217503521]","[17900000.0, 1000000.0]","[0.0168, 0.0002]","[0.2, 0.04]",NGC 4414,,SN2013df,"(0.07847845572983457, 0.011399813420616281)","[42.372485211475606, 41.534632506255356]","[22.600000000000037, 1.6009670684278556]","['0.144', '0.028', '0.019']","['42.397', '0.074', '0.058']","['21.793', '0.103']",0.3,IIb,IIb,['8'],['8'],"[56447.299999999814, 0.9]","[4.0071724000241122, 0.39426682988369988]","[0.06326754284471317, 0.0037724160994579352]",,1
