arnett_ni_mass,band_bc,band_extinction,band_t0,beta_req,distance,ebv_gal,ebv_host,host,lb,name,ni_khatami,peakL,peakt,prentice_ni,prentice_peakL,prentice_peakt,smoothing_bc,sn_type,sn_type_full,source,source_bc,t0,tail_meje,tail_ni_mass,ub,verbose
"[0.24497037547366007, 0.058276200130327284]","['B', 'V']","['B', 'V']",V,"[0.61826226212350732, 0.17696132311357357]","[31400000.0, 2180000.0]","[0.0192, 0.0003]","[0.53, 0.02]",	NGC 2770,0.0,SN2007uy,"(0.20877782192037747, 0.026794165142408743)","[42.80133261174398, 41.909688479020453]","[16.399999999999959, 3.5902324259861453]","['0.394', '0.604', '0.215']","['42.887', '0.398', '0.338']","['19.075', '0.284']",1.0,Ib,Ib pec,['4'],['4'],"[54463.950000000186, 3.5]","[3.7720322631064764, 0.11395919450959809]","[0.14439035680529805, 0.0068659546398484395]",7.0,1
