arnett_ni_mass,band_bc,band_extinction,band_t0,beta_req,distance,ebv_gal,ebv_host,host,lb,name,ni_khatami,peakL,peakt,smoothing_bc,sn_type,source,source_bc,t0,tail_meje,tail_ni_mass,ub,verbose
"[0.35245585010416619, 0.11865429244707806]","['V', 'I']","['V', 'R']",B,"[0.76179616179615184, 0.20731229383379499]","[18100000.0, 1260000.0]","[0.0737, 0.0021]","[0.27, 0.08]",UGC 11868,0.0,SN2016coi,"(0.24177404683243919, 0.035773011636167897)","[42.84085130616787, 42.010997130164249]","[17.699999999999953, 6.2976126165016026]",2.5,Ic,['1'],['1'],"[57533.22999999998, 6.12]","[3.796210185381744, 0.1465366801821481]","[0.18067338893968699, 0.011928898707942575]",7.0,1
