arnett_ni_mass,band_bc,band_extinction,band_t0,beta_req,distance,ebv_gal,ebv_host,host,lb,name,ni_khatami,peakL,peakt,smoothing_bc,sn_type,source,source_bc,t0,tail_meje,tail_ni_mass,ub,verbose
"[0.15275882959955919, 0.038623917332712809]","['V', 'I']","['V', 'R']",,"[0.57806631171910206, 0.19305875036541026]","[17900000.0, 1000000.0]","[0.0168, 0.0002]","[0.2, 0.04]",NGC 4414,,SN2013df,"(0.081057493815751988, 0.015678221120698548)","[42.374030639155869, 41.660534252627002]","[23.700000000000053, 4.2351099857755941]",0.7,IIb,['8'],['8'],"[56447.299999999814, 0.9]","[3.9020655237758683, 0.063583106436238018]","[0.062415373213540896, 0.00070735597149740586]",,1
