arnett_ni_mass,band_bc,band_extinction,band_t0,beta_req,distance,ebv_gal,ebv_host,host,lb,name,ni_khatami,peakL,peakt,prentice_ni,prentice_peakL,prentice_peakt,smoothing_bc,sn_type,source,source_bc,t0,tail_meje,tail_ni_mass,ub,verbose
"[0.18099313213679286, 0.078225433062898433]","['V', 'I']","['V', 'R']",B,"[1.4450578219593222, 0.48932584486430791]","[40100000.0, 2830000.0]","[0.0847, 0.001]","[0.4, 0.08]",NGC 3278,0.0,SN2009bb,"(0.14262326753643706, 0.026337841744410732)","[42.793862855816407, 42.060252657593793]","[9.100000000000005, 5.1636765727294556]","['0.258', '0.119', '0.073']","['42.863', '0.162', '0.143']","['12.631', '0.095']",2.5,Ic,['6'],['6'],"[54913.919999999925, 1.08]","[1.4886441370263708, 0.20810112404177919]","[0.16393316031100677, 0.039282178123553495]",7.0,1
