arnett_ni_mass,band_bc,band_extinction,band_t0,beta_req,distance,ebv_gal,ebv_host,host,lb,name,ni_khatami,peakL,peakt,prentice_ni,prentice_peakL,prentice_peakt,smoothing_bc,sn_type,sn_type_full,source,source_bc,t0,tail_meje,tail_ni_mass,ub,verbose
"[0.066902421406766013, 0.009587227153714236]","['V', 'I', ""r'""]","['V', ""r'""]",,"[0.74906330294496237, 0.13937451113739924]","[31400000.0, 2180000.0]","[0.0193, 0.0002]","[0.47, 0.037]",NGC 2770,,SN2008D,"(0.047675605453261966, 0.0055642230472051826)","[42.090620106239754, 41.157728419970887]","[20.299999999999962, 1.6918979334630635]","['0.111', '0.167', '0.059']","['42.333', '0.393', '0.325']","['19.293', '0.229']",1.0,Ib,Ib,['4'],['4'],"[54474.56399999978, 0.0]","[3.2122137263305164, 0.057516149064555967]","[0.035574727998852966, 0.00058202564166476474]",,1
