arnett_ni_mass,band_bc,band_extinction,band_t0,beta_req,distance,ebv_gal,ebv_host,host,lb,name,ni_khatami,peakL,peakt,prentice_ni,prentice_peakL,prentice_peakt,smoothing_bc,sn_type,source,source_bc,t0,tail_meje,tail_ni_mass,ub,verbose
"[0.12490336275674162, 0.020071347694678044]","['B', 'V']","['B', 'V']",i,"[0.65423157242126317, 0.19019959218366383]","[16700000.0, 1700000.0]","[0.0201, 0.0003]","[0.08, 0.02]",NGC 1672,0.0,SN2017gax,"(0.091436196371333142, 0.01201819605414475)","[42.478182419103987, 41.596903551863576]","[14.599999999999966, 1.7039879065396739]",,,,6.5,Ic,['0'],['0'],"[57980.080000000075, 0.07]","[3.5748592859388486, 0.087017806981274134]","[0.066610468317064284, 0.001342955138384638]",4.0,1
