arnett_ni_mass,band_bc,band_extinction,band_t0,beta_req,distance,ebv_gal,ebv_host,host,lb,name,ni_khatami,peakL,peakt,prentice_ni,prentice_peakL,prentice_peakt,smoothing_bc,sn_type,sn_type_full,source,source_bc,t0,tail_meje,tail_ni_mass,ub,verbose
"[0.077755837096507088, 0.028003709940808533]","['B', 'V']","['V', 'r']",r,"[0.53248787646802109, 0.24744029987381708]","[26300000.0, 1840000.0]","[0.0629, 0.0004]","[0.12, 0.02]",NGC 1832,0.0,SN2004gq,"(0.061364447746728279, 0.0096797419063063828)","[42.35796662045734, 41.55591356809294]","[12.099999999999989, 4.3631634666325469]",['NA'],"['42.388', '0.046', '0.028']",['NA'],0.5,Ib,Ib,['1'],"['1', '5']","[53346.10999999987, 4.0]","[4.2648273984111018, 0.21914210259336334]","[0.042850725529387568, 0.0020574936540245555]",7.0,1
