arnett_ni_mass,band_bc,band_extinction,band_t0,beta_req,distance,ebv_gal,ebv_host,host,lb,name,ni_khatami,peakL,peakt,prentice_ni,prentice_peakL,prentice_peakt,smoothing_bc,sn_type,source,source_bc,t0,tail_meje,tail_ni_mass,ub,verbose
"[0.28820610211562769, 0.077559283580969696]","['V', 'I']","['V', 'R']",B,"[0.91041501971148542, 0.17902674793898832]","[33800000.0, 2350000.0]","[0.097, 0.0013]","[0.07, 0.065]",NGC 7479,0.0,SN2009jf,"(0.19486622744258675, 0.026907728432486296)","[42.681071324093963, 41.821211782576484]","[21.599999999999959, 5.1479934661193854]","['0.271', '0.051', '0.035']","['42.682', '0.072', '0.057']","['21.267', '0.164']",1.0,Ib,"['5', '8']",['8'],"[55099.54000000004, 4.8]","[4.8841937266796958, 0.21567858431725923]","[0.16581038245532637, 0.0081201972824455314]",7.0,1
