arnett_ni_mass,band_bc,band_extinction,band_t0,beta_req,distance,ebv_gal,ebv_host,host,lb,name,ni_khatami,peakL,peakt,prentice_ni,prentice_peakL,prentice_peakt,smoothing_bc,sn_type,sn_type_full,source,source_bc,t0,tail_meje,tail_ni_mass,ub,verbose
"[0.32366891142259024, 0.095467523063967177]","['V', 'I']","['V', 'R']",,"[0.52958985247505763, 0.19683435842370547]","[26700000.0, 1860000.0]","[0.038, 0.0012]","[0.1, 0.07]",PGC 37625,0.0,SN2014ad,"(0.23165290290093804, 0.036117583102468487)","[42.846485996085356, 42.039366929981277]","[16.399999999999959, 3.4240078131761269]",,,,1.0,Ic,Ic BL,['1'],['1'],"[56724.5, 3.0]","[3.0483631228002217, 0.10709173974473338]","[0.14877577069902129, 0.0087142542690826167]",7.0,1
