arnett_ni_mass,band_bc,band_extinction,band_t0,beta_req,distance,ebv_gal,ebv_host,host,lb,name,ni_khatami,peakL,peakt,prentice_ni,prentice_peakL,prentice_peakt,smoothing_bc,sn_type,source,source_bc,t0,tail_meje,tail_ni_mass,ub,verbose
"[0.16524638418295304, 0.016188761772879624]","['V', 'R']","['V', 'R']",,"[0.85911000991042585, 0.12759691634327219]","[8580000.0, 100000.0]","[0.0309, 0.0017]","[0.15, 0.028]",M51,,SN2011dh,"(0.091334458845685917, 0.0088332257842842331)","[42.490117690628615, 41.475602362185931]","[19.19999999999995, 0.34815951448245408]","['0.075', '0.011', '0.006']","['42.246', '0.057', '0.036']","['15.712', '0.017']",1.0,IIb,['17'],['17'],"[55712.0, 0.0]","[3.1544859419463771, 0.050818897566277242]","[0.094257018837236042, 0.0014784521260278558]",,1
