arnett_ni_mass,band_bc,band_extinction,band_t0,beta_req,distance,ebv_gal,ebv_host,host,lb,name,ni_khatami,peakL,peakt,prentice_ni,prentice_peakL,prentice_peakt,smoothing_bc,sn_type,source,source_bc,t0,tail_meje,tail_ni_mass,ub,verbose
"[0.27564319289190647, 0.074894431606689404]","['V', 'I']","['V', 'R']",V,"[0.29761982545318649, 0.16832010941129175]","[60900000.0, 4220000.0]","[0.2217, 0.0046]","[0.0, 0.02]", UGC 1238,0.0,SN2007ru,"(0.21327848265888141, 0.024847063553946645)","[42.905659276609761, 41.971987305087801]","[11.800000000000008, 3.3094926248559791]","['0.323', '0.044', '0.024']","['43.033', '0.054', '0.032']","['10.242', '0.047']",1.0,Ic,['8'],['8'],"[54429.5, 3.0]","[2.491515358747892, 0.085987460701902302]","[0.12796604260019906, 0.0093109717629039877]",7.0,1
