arnett_ni_mass,band_bc,band_extinction,band_t0,beta_req,distance,ebv_gal,ebv_host,host,lb,name,ni_khatami,peakL,peakt,prentice_ni,prentice_peakL,prentice_peakt,smoothing_bc,sn_type,sn_type_full,source,source_bc,t0,tail_meje,tail_ni_mass,ub,verbose
"[0.11329220446746531, 0.028793317650080082]","['V', 'I']","['V', 'R']",,"[0.56386549179634537, 0.14522215123858864]","[9770000.0, 500000.0]","[0.0616, 0.0018]","[0.01, 0.02]",M74,,SN2002ap,"(0.087545304088538944, 0.008625004057041601)","[42.47785531843784, 41.471381770886516]","[13.699999999999987, 2.7234709839335665]","['0.094', '0.013', '0.006']","['42.415', '0.055', '0.028']","['13.011', '0.000']",1.0,Ic,Ic BL,['12'],"['11', '12']","[52300.0, 2.5]","[3.5629720633318529, 0.078851770435271612]","[0.060530426322711765, 0.0019783324790528271]",,1
