arnett_ni_mass,band_bc,band_extinction,band_t0,beta_req,distance,ebv_gal,ebv_host,host,lb,name,ni_khatami,peakL,peakt,prentice_ni,prentice_peakL,prentice_peakt,smoothing_bc,sn_type,sn_type_full,source,source_bc,t0,tail_meje,tail_ni_mass,ub,verbose
"[0.18862109830592005, 0.044246634891132286]","['V', 'I']","['V', 'R']",B,"[0.81909583329666469, 0.44211803281068401]","[40100000.0, 2830000.0]","[0.0847, 0.001]","[0.4, 0.08]",NGC 3278,0.0,SN2009bb,"(0.15264405002360487, 0.031335318025606414)","[42.787704989683, 42.100059216026068]","[10.600000000000007, 1.6861523451995819]","['0.258', '0.119', '0.073']","['42.863', '0.162', '0.143']","['12.631', '0.095']",2.5,Ic,Ic BL,['6'],['6'],"[54912.919999999925, 1.08]","[1.8661448107657264, 0.13931258596059137]","[0.12992321674569446, 0.015462147092431726]",7.0,1
