arnett_ni_mass,band_bc,band_extinction,band_t0,beta_req,distance,ebv_gal,ebv_host,host,lb,name,ni_khatami,peakL,peakt,prentice_ni,prentice_peakL,prentice_peakt,smoothing_bc,sn_type,sn_type_full,source,source_bc,t0,tail_meje,tail_ni_mass,ub,verbose
"[0.28571755950039224, 0.069362786214797953]","['V', 'I']","['V', 'R']",B,"[0.87495435882088712, 0.20411475597307693]","[33800000.0, 2350000.0]","[0.097, 0.0013]","[0.07, 0.065]",NGC 7479,0.0,SN2009jf,"(0.20238026204026582, 0.034226428416508914)","[42.684088109352004, 41.912281537624452]","[22.299999999999955, 4.204595607787482]","['0.271', '0.051', '0.035']","['42.682', '0.072', '0.057']","['21.267', '0.164']",1.0,Ib,Ib,"['5', '8']",['8'],"[55099.54000000004, 4.2]","[4.9476690560259673, 0.70783642553027115]","[0.16399205537918679, 0.021707329058471399]",7.0,1
