arnett_ni_mass,band_bc,band_extinction,band_t0,beta_req,distance,ebv_gal,ebv_host,host,lb,name,ni_khatami,peakL,peakt,smoothing_bc,sn_type,source,source_bc,t0,tail_meje,tail_ni_mass,ub,verbose
"[0.087250252617581903, 0.051785237749159017]","['B', 'V']","['V', 'R']",V,"[1.0035627064863331, 0.72706151077203518]","[23700000.0, 1650000.0]","[0.0198, 0.0002]","[0.1, 0.1]",NGC 3287,0.0,SN2013ge,"(0.069319771498198554, 0.019532092113201609)","[42.38703937692793, 41.836931018214102]","[13.199999999999971, 9.0795942928717519]",4.5,Ib,['2'],['2'],"[56606.16000000015, 8.57]","[3.7173347905963783, 0.22612405652789361]","[0.058991037323932967, 0.0069295110685706589]",7.0,1
