arnett_ni_mass,band_bc,band_extinction,band_t0,beta_req,distance,ebv_gal,ebv_host,host,lb,name,ni_khatami,peakL,peakt,prentice_ni,prentice_peakL,prentice_peakt,smoothing_bc,sn_type,sn_type_full,source,source_bc,t0,tail_meje,tail_ni_mass,ub,verbose
"[0.26370876969124823, 0.074913738089014262]","['V', 'I']","['V', 'R']",V,"[7.8946054386988128e-07, 0.10526738200169045]","[60900000.0, 4220000.0]","[0.2217, 0.0046]","[0.0, 0.02]", UGC 1238,0.0,SN2007ru,"(0.20205177557067058, 0.023355785778891271)","[42.90464474431775, 41.967576556286375]","[10.700000000000006, 3.2475951668294116]","['0.323', '0.044', '0.024']","['43.033', '0.054', '0.032']","['10.242', '0.047']",1.0,Ic,Ic BL,['8'],['8'],"[54429.5, 3.0]","[3.3903651780424831, 0.087216898494919121]","[0.10125045190135296, 0.0043283154545063311]",7.0,1
