arnett_ni_mass,band_bc,band_extinction,band_t0,beta_req,distance,ebv_gal,ebv_host,host,lb,name,ni_khatami,peakL,peakt,prentice_ni,prentice_peakL,prentice_peakt,smoothing_bc,sn_type,sn_type_full,source,source_bc,t0,tail_meje,tail_ni_mass,ub,verbose
"[0.23645161292253372, 0.08039578320276862]","['V', 'I']","['V', 'R']",V,"[1.0584933201836844, 0.18895418102252143]","[73600000.0, 5000000.0]","[0.0184, 0.0009]","[0.37, 0.08]",NGC 3997,0.0,SN2004aw,"(0.16265607316964137, 0.018531839576219639)","[42.710346446849307, 41.766994695471453]","[15.49999999999998, 6.3488322926849099]",['NA'],"['42.659', '0.063', '0.056']",['NA'],2.0,Ic,Ic,['8'],['8'],"[53076.5, 6.0]","[5.3978592107027632, 2.9207682141432301]","[0.15593761149750382, 0.010914294549942487]",7.0,1
