arnett_ni_mass,band_bc,band_extinction,band_t0,beta_req,distance,ebv_gal,ebv_host,host,lb,name,ni_khatami,peakL,peakt,prentice_ni,prentice_peakL,prentice_peakt,smoothing_bc,sn_type,sn_type_full,source,source_bc,t0,tail_meje,tail_ni_mass,ub,verbose
"[0.21608262793908672, 0.073711485709195251]","['V', 'I']","['V', 'R']",V,"[1.0251444019358626, 0.25717372153204077]","[73600000.0, 5000000.0]","[0.0184, 0.0009]","[0.37, 0.08]",NGC 3997,0.0,SN2004aw,"(0.16353531935395046, 0.027243857362486915)","[42.708197576535305, 41.929854610984847]","[15.59999999999998, 6.0414755961259443]",['NA'],"['42.659', '0.063', '0.056']",['NA'],5.0,Ic,Ic,['8'],['8'],"[53076.5, 6.0]","[4.692171969770583, 2.8741937776131414]","[0.15090842957193834, 0.029724879053791509]",7.0,1
