arnett_ni_mass,band_bc,band_extinction,band_t0,beta_req,distance,ebv_gal,ebv_host,host,lb,name,ni_khatami,peakL,peakt,prentice_ni,prentice_peakL,prentice_peakt,smoothing_bc,sn_type,sn_type_full,source,source_bc,t0,tail_meje,tail_ni_mass,ub,verbose
"[0.18340468539359631, 0.047034556901630407]","['B', 'V']","['B', 'V']",V,"[0.48610407608027578, 0.29583272031662755]","[34600000.0, 2400000.0]","[0.0643, 0.0007]","[0.26, 0.029]",NGC 3054,0.0,SN2006T,"(0.10980240432158, 0.026230237494342671)","[42.626099312984039, 42.004289685911246]","[15.499999999999963, 1.5002485369181231]","['0.082', '0.020', '0.014']","['42.322', '0.054', '0.036']","['14.148', '1.651']",0.5,IIb,IIb,['1'],['1'],"[53764.45999999996, 1.5]","[4.4871699063557466, 0.92313281310910622]","[0.082340784783924453, 0.011712112929416423]",7.0,1
