arnett_ni_mass,band_bc,band_extinction,band_t0,beta_req,distance,ebv_gal,ebv_host,host,lb,name,ni_khatami,peakL,peakt,smoothing_bc,sn_type,source,source_bc,t0,tail_meje,tail_ni_mass,ub,verbose
"[0.16146703289226194, 0.054493378476399755]","['V', 'I']","['V', 'R']",V,"[1.5896778577726745, 0.64686953100856703]","[73600000.0, 5000000.0]","[0.0184, 0.0009]","[0.37, 0.08]",NGC 3997,0.0,SN2004aw,"(0.12775913867761574, 0.029060119588548147)","[42.715072984859084, 42.071978406810601]","[10.399999999999981, 3.7141493283733267]",2.0,Ic,['8'],['8'],"[53081.0, 3.0]","[3.4580708129508855, 0.34236508269352317]","[0.1513480470374578, 0.0078036308102040737]",7.0,1
