arnett_ni_mass,band_bc,band_extinction,band_t0,beta_req,distance,ebv_gal,ebv_host,host,lb,name,ni_khatami,peakL,peakt,prentice_ni,prentice_peakL,prentice_peakt,smoothing_bc,sn_type,sn_type_full,source,source_bc,t0,tail_meje,tail_ni_mass,ub,verbose
"[0.10985245439235373, 0.021699781336168365]","['V', 'R']","['B', 'V']",r',"[0.75806066617342382, 0.2232269363843209]","[9200000.0, 640000.0]","[0.0188, 0.0002]","[0.25, 0.04]",NGC 4490,0.0,SN2008ax,"(0.062976215916660305, 0.011070075401359214)","[42.303514843515494, 41.548488861089609]","[20.899999999999963, 1.7578035120286806]","['0.109', '0.021', '0.014']","['42.326', '0.075', '0.056']","['19.283', '0.127']",1.5,IIb,IIb,['12'],['17'],"[54528.299999999814, 1.0]","[3.2034350648908618, 0.058072390381918061]","[0.05968454822192857, 0.0014077062387129503]",7.0,1
