arnett_ni_mass,band_bc,band_extinction,band_t0,beta_req,distance,ebv_gal,ebv_host,host,lb,name,ni_khatami,peakL,peakt,prentice_ni,prentice_peakL,prentice_peakt,smoothing_bc,sn_type,sn_type_full,source,source_bc,t0,tail_meje,tail_ni_mass,ub,verbose
"[0.10206916768735504, 0.044868954322206993]","['B', 'V']","['V', ""i'""]",V,"[0.28151761893948357, 0.28459929734642536]","[61700000.0, 4270000.0]","[0.0306, 0.0005]","[0.33, 0.05]",NGC 214,0.0,SN2006ep,"(0.11156502808944575, 0.024066536449751142)","[42.548575068468814, 41.882460582368459]","[15.399999999999963, 7.150588559833106]","['0.067', '0.019', '0.014']","['42.142', '0.075', '0.060']","['18.002', '1.653']",1.0,Ib,Ib,['5'],['2'],"[53970.5, 7.0]","[3.4258101318647607, 0.30559329407498814]","[0.059007344698445305, 0.0061701011957236958]",7.0,1
