arnett_ni_mass,band_bc,band_extinction,band_t0,beta_req,distance,ebv_gal,ebv_host,host,lb,name,ni_khatami,peakL,peakt,prentice_ni,prentice_peakL,prentice_peakt,smoothing_bc,sn_type,source,source_bc,t0,tail_meje,tail_ni_mass,ub,verbose
"[0.16320148986983021, 0.068803780579909379]","['V', 'I']","['V', 'R']",V,"[1.4922239425296828, 0.53379477030381584]","[73600000.0, 5000000.0]","[0.0184, 0.0009]","[0.37, 0.08]",NGC 3997,0.0,SN2004aw,"(0.12409524028607108, 0.023859033607888075)","[42.714206317051811, 41.998104041662963]","[9.8999999999999826, 5.8835546886032084]",['NA'],"['42.659', '0.063', '0.056']",['NA'],2.0,Ic,['8'],['8'],"[53081.0, 3.0]","[8.9011173704083255, 6.7673674086500997]","[0.14674552944044289, 0.0092859941306918988]",7.0,1
