arnett_ni_mass,band_bc,band_extinction,band_t0,beta_req,distance,ebv_gal,ebv_host,host,lb,name,ni_khatami,peakL,peakt,prentice_ni,prentice_peakL,prentice_peakt,smoothing_bc,sn_type,sn_type_full,source,source_bc,t0,tail_meje,tail_ni_mass,ub,verbose
"[0.10844266073178631, 0.024984242954006721]","['V', 'I', ""r'""]","['V', ""i'""]",R,"[0.69701223158015224, 0.25187951841783573]","[70000000.0, 7000000.0]","[0.0975, 0.0012]","[0.068, 0.037]",UGC 12188,0.0,SN2006el,"(0.059748298163296819, 0.013648916343476923)","[42.270946406384212, 41.629719038695391]","[21.399999999999967, 0.71545709315768613]",['NA'],"['42.237', '0.086', '0.063']",['NA'],1.0,IIb,IIb,['4'],"['4', '6']","[53962.299999999814, 0.7]","[3.9484553981965207, 0.66340727113647224]","[0.051910003289006884, 0.0049986161917778306]",7.0,1
