arnett_ni_mass,band_bc,band_extinction,band_t0,beta_req,distance,ebv_gal,ebv_host,host,lb,name,ni_khatami,peakL,peakt,prentice_ni,prentice_peakL,prentice_peakt,smoothing_bc,sn_type,source,source_bc,t0,tail_meje,tail_ni_mass,ub,verbose
"[0.10936758379037716, 0.072404938191515389]","['B', 'V']","['V', ""i'""]",V,"[0.062332636749755463, 0.34687474692276271]","[61700000.0, 4270000.0]","[0.0306, 0.0005]","[0.33, 0.05]",NGC 214,0.0,SN2006ep,"(0.077125464580425199, 0.015651963871556551)","[42.546572273349589, 41.85394331701724]","[8.2999999999999883, 10.343971333869066]","['0.067', '0.019', '0.014']","['42.142', '0.075', '0.060']","['18.002', '1.653']",1.0,Ib,['5'],['2'],"[53977.33999999985, 9.01]","[6.9234584316401468, 4.7482052591946093]","[0.046633595093202661, 0.0041371766943318735]",7.0,1
