arnett_ni_mass,band_bc,band_extinction,band_t0,beta_req,distance,ebv_gal,ebv_host,host,lb,name,ni_khatami,peakL,peakt,prentice_ni,prentice_peakL,prentice_peakt,smoothing_bc,sn_type,sn_type_full,source,source_bc,t0,tail_meje,tail_ni_mass,ub,verbose
"[0.33213713313587645, 0.084907937776724174]","['V', 'I']","['V', 'R']",B,"[0.64591017025463626, 0.18939008228850263]","[18100000.0, 1260000.0]","[0.0737, 0.0021]","[0.27, 0.08]",UGC 11868,0.0,SN2016coi,"(0.24269448267202465, 0.036231231080542887)","[42.842501529712635, 42.016524717293272]","[17.699999999999953, 2.6020577577785726]",,,,2.5,Ic,Ic BL,['1'],['1'],"[57533.22999999998, 2.1]","[4.2645320957096029, 0.13718656887927047]","[0.16914092760359509, 0.0044406263543737626]",7.0,1
