arnett_ni_mass,band_bc,band_extinction,band_t0,beta_req,distance,ebv_gal,ebv_host,host,lb,name,ni_khatami,peakL,peakt,prentice_ni,prentice_peakL,prentice_peakt,smoothing_bc,sn_type,source,source_bc,t0,tail_meje,tail_ni_mass,ub,verbose
"[0.21955694513023485, 0.11175554666166343]","['B', 'V']","['B', 'V']",V,"[0.71908261061646628, 0.20329230026344036]","[31400000.0, 2180000.0]","[0.0192, 0.0003]","[0.53, 0.02]",	NGC 2770,0.0,SN2007uy,"(0.17205724315983847, 0.021511474622299895)","[42.803516581530666, 41.900513804038269]","[12.199999999999974, 8.6623745604684679]","['0.394', '0.604', '0.215']","['42.887', '0.398', '0.338']","['19.075', '0.284']",1.0,Ib,['4'],['4'],"[54467.950000000186, 8.65]","[3.5682924070088076, 0.18126018952567566]","[0.13537366625257038, 0.015728010290224539]",7.0,1
