arnett_ni_mass,band_bc,band_extinction,band_t0,beta_req,distance,ebv_gal,ebv_host,host,lb,name,ni_khatami,peakL,peakt,prentice_ni,prentice_peakL,prentice_peakt,smoothing_bc,sn_type,source,source_bc,t0,tail_meje,tail_ni_mass,ub,verbose
"[0.11018541656694715, 0.073751077839626811]","['B', 'V']","['V', 'R']",V,"[0.8513064774256075, 0.86801975546714794]","[23700000.0, 1650000.0]","[0.0198, 0.0002]","[0.1, 0.1]",NGC 3287,0.0,SN2013ge,"(0.069497662094622339, 0.017810406716646354)","[42.388152449611951, 41.796856091548975]","[13.199999999999971, 13.446372168043688]","['0.109', '0.032', '0.023']","['42.335', '0.077', '0.064']","['18.878', '1.697']",4.5,Ib,['2'],['2'],"[56606.16000000015, 8.57]","[3.7514896093626708, 0.22520322536667087]","[0.05885752848267059, 0.0060580112631477044]",7.0,1
