arnett_ni_mass,band_bc,band_extinction,band_t0,beta_req,distance,ebv_gal,ebv_host,host,lb,name,ni_khatami,peakL,peakt,prentice_ni,prentice_peakL,prentice_peakt,smoothing_bc,sn_type,sn_type_full,source,source_bc,t0,tail_meje,tail_ni_mass,ub,verbose
"[0.28431254011019524, 0.053837830365325197]","['V', 'I']","['V', 'R']",V,"[0.016043449771631774, 0.12255049256553956]","[60900000.0, 4220000.0]","[0.2217, 0.0046]","[0.0, 0.02]", UGC 1238,0.0,SN2007ru,"(0.20614820436691297, 0.023427238406273365)","[42.904415177056926, 41.959956717931206]","[11.200000000000006, 3.2663476021286599]","['0.323', '0.044', '0.024']","['43.033', '0.054', '0.032']","['10.242', '0.047']",1.0,Ic,Ic BL,['8'],['8'],"[54429.5, 3.0]","[3.4760827158301182, 0.089062347310454718]","[0.1040583400800795, 0.0044917184009984701]",7.0,1
