arnett_ni_mass,band_bc,band_extinction,band_t0,beta_req,distance,ebv_gal,ebv_host,host,lb,name,ni_khatami,peakL,peakt,smoothing_bc,sn_type,source,source_bc,t0,tail_meje,tail_ni_mass,ub,verbose
"[0.17058673761248758, 0.016605718878910186]","['V', 'R']","['V', 'R']",,"[0.76698854874162747, 0.11487060727042625]","[8580000.0, 100000.0]","[0.0309, 0.0017]","[0.15, 0.028]",M51,,SN2011dh,"(0.093585539602616993, 0.0090301503390257162)","[42.490207123721895, 41.474693355693184]","[19.899999999999949, 0.26775672916068233]",1.0,IIb,['17'],['17'],"[55712.0, 0.0]","[3.2900138783485575, 0.046228598603834853]","[0.08899846254780365, 0.0011213995913717965]",,1
