arnett_ni_mass,band_bc,band_extinction,band_t0,beta_req,distance,ebv_gal,ebv_host,host,lb,name,ni_khatami,peakL,peakt,prentice_ni,prentice_peakL,prentice_peakt,smoothing_bc,sn_type,source,source_bc,t0,tail_meje,tail_ni_mass,ub,verbose
"[0.35285904631107312, 0.1441493583772078]","['V', 'I']","['V', 'R']",B,"[0.63522753009493738, 0.17705434036926701]","[18100000.0, 1260000.0]","[0.0737, 0.0021]","[0.27, 0.08]",UGC 11868,0.0,SN2016coi,"(0.24799389439955472, 0.037188839358994558)","[42.859210771951844, 42.035182407812428]","[17.299999999999955, 7.7264039663457673]",,,,2.5,Ic,['1'],['1'],"[57533.22999999998, 6.12]","[4.2215468628042654, 0.19881738861443485]","[0.1720403568334164, 0.011117609572701918]",7.0,1
