arnett_ni_mass,band_bc,band_extinction,band_t0,beta_req,distance,ebv_gal,ebv_host,host,lb,name,ni_khatami,peakL,peakt,prentice_ni,prentice_peakL,prentice_peakt,smoothing_bc,sn_type,source,source_bc,t0,tail_meje,tail_ni_mass,ub,verbose
"[0.12461412554837198, 0.038432151862097648]","['V', 'R']","['B', 'V']",r',"[0.70576328481076522, 0.28617953081122133]","[9200000.0, 640000.0]","[0.0188, 0.0002]","[0.25, 0.04]",NGC 4490,0.0,SN2008ax,"(0.06666637686356866, 0.012889085330827115)","[42.318203200933311, 41.604518446791026]","[21.599999999999959, 5.9235567913062583]","['0.109', '0.021', '0.014']","['42.326', '0.075', '0.056']","['19.283', '0.127']",1.0,IIb,['12'],['17'],"[54528.299999999814, 3.64]","[3.0521848040521915, 0.07238231944657475]","[0.060179063142662977, 0.0037210826631631209]",7.0,1
