arnett_ni_mass,band_bc,band_extinction,band_t0,beta_req,distance,ebv_gal,ebv_host,host,lb,name,ni_khatami,peakL,peakt,smoothing_bc,sn_type,source,source_bc,t0,tail_meje,tail_ni_mass,ub,verbose
"[0.2842267781098769, 0.072775607055789546]","['V', 'I']","['V', 'R']",B,"[0.91454971736884838, 0.17477279382925731]","[33800000.0, 2350000.0]","[0.097, 0.0013]","[0.07, 0.065]",NGC 7479,0.0,SN2009jf,"(0.19922642800813398, 0.026803007613926632)","[42.681331307729593, 41.810167889032478]","[22.199999999999939, 5.1606173030258402]",1.0,Ib,"['5', '8']",['8'],"[55099.54000000004, 4.8]","[4.9554516413204075, 0.24486542220428631]","[0.16732807569228353, 0.0088019104349359376]",7.0,1
