arnett_ni_mass,band_bc,band_extinction,band_t0,beta_req,distance,ebv_gal,ebv_host,host,lb,name,ni_khatami,peakL,peakt,prentice_ni,prentice_peakL,prentice_peakt,smoothing_bc,sn_type,sn_type_full,source,source_bc,t0,tail_meje,tail_ni_mass,ub,verbose
"[0.13066041447238588, 0.037309989017358075]","['B', 'V']","['V', 'R']",V,"[0.75292171616399794, 0.52708932321692992]","[23700000.0, 1650000.0]","[0.0198, 0.0002]","[0.1, 0.1]",NGC 3287,0.0,SN2013ge,"(0.083032763405314486, 0.02078826041421232)","[42.389585075927634, 41.788153732636559]","[16.999999999999957, 5.3260578323224044]","['0.109', '0.032', '0.023']","['42.335', '0.077', '0.064']","['18.878', '1.697']",4.5,Ib,Ib,['2'],['2'],"[56602.29000000004, 4.7]","[3.9264522157198147, 0.18371309252659845]","[0.06358832674136701, 0.0036245834034376572]",7.0,1
