arnett_ni_mass,band_bc,band_extinction,band_t0,beta_req,distance,ebv_gal,ebv_host,host,lb,name,ni_khatami,peakL,peakt,prentice_ni,prentice_peakL,prentice_peakt,smoothing_bc,sn_type,source,source_bc,t0,tail_meje,tail_ni_mass,ub,verbose
"[0.7490830871589601, 0.37031149674650626]","['V', 'R']","['V', 'R']",R,"[0.7830286248527828, 0.84600712521899735]","[87700000.0, 6040000.0]","[0.0894, 0.0021]","[0.52, 0.08]",UGC 1394,0.0,SN2005hg,"(0.46750678429056097, 0.12758436188457337)","[43.092145070628497, 42.528154598880192]","[19.699999999999946, 12.716266975136442]",['NA'],"['42.418', '0.067', '0.047']",['NA'],1.0,Ib,['6'],['6'],"[53664.64999999991, 8.14]","[4.0464792234103726, 5.0679909636605958]","[0.36038573087504389, 0.031084902497302926]",7.0,1
