arnett_ni_mass,band_bc,band_extinction,band_t0,beta_req,distance,ebv_gal,ebv_host,host,lb,name,ni_khatami,peakL,peakt,prentice_ni,prentice_peakL,prentice_peakt,smoothing_bc,sn_type,sn_type_full,source,source_bc,t0,tail_meje,tail_ni_mass,ub,verbose
"[0.068910691658818565, 0.0095067519320519728]","['V', 'I', ""r'""]","['V', ""r'""]",,"[0.78563510002352244, 0.16087065289277222]","[31400000.0, 2180000.0]","[0.0193, 0.0002]","[0.47, 0.037]",NGC 2770,,SN2008D,"(0.047060193650336965, 0.0056847033294180642)","[42.089966467278636, 41.172020562197112]","[19.999999999999964, 1.6222857862192404]","['0.111', '0.167', '0.059']","['42.333', '0.393', '0.325']","['19.293', '0.229']",1.0,Ib,Ib,['4'],['4'],"[54474.56399999978, 0.0]","[3.3009097070589442, 0.055514991681219039]","[0.036299984411533495, 0.00055328592347868722]",,1
